source	source_version	source_language	translation_language	subject_id	predicate_id	source_value	translation_value	translator	translation_date	translation_confidence	translation_precision	translation_type	translation_status
http://purl.obolibrary.org/obo/hp.owl	http://purl.obolibrary.org/obo/hp/releases/2023-07-21/hp.owl	en	ja	HP:0000032	rdfs:label	Abnormality of male external genitalia	男性外性器異常		2023-07-31	1.0	EXACT		OFFICIAL
http://purl.obolibrary.org/obo/hp.owl	http://purl.obolibrary.org/obo/hp/releases/2023-07-21/hp.owl	en	ja	HP:0000045	rdfs:label	Abnormality of the scrotum	陰嚢異常		2023-07-31	1.0	EXACT		OFFICIAL
http://purl.obolibrary.org/obo/hp.owl	http://purl.obolibrary.org/obo/hp/releases/2023-07-21/hp.owl	en	ja	HP:0000055	rdfs:label	Abnormality of female external genitalia	女性外性器異常		2023-07-31	1.0	EXACT		OFFICIAL
http://purl.obolibrary.org/obo/hp.owl	http://purl.obolibrary.org/obo/hp/releases/2023-07-21/hp.owl	en	ja	HP:0000056	rdfs:label	Abnormality of the clitoris	陰核異常		2023-07-31	1.0	EXACT		OFFICIAL
http://purl.obolibrary.org/obo/hp.owl	http://purl.obolibrary.org/obo/hp/releases/2023-07-21/hp.owl	en	ja	HP:0000161	rdfs:label	Median cleft lip	正中口唇裂		2023-07-31	1.0	EXACT		OFFICIAL
http://purl.obolibrary.org/obo/hp.owl	http://purl.obolibrary.org/obo/hp/releases/2023-07-21/hp.owl	en	ja	HP:0000372	rdfs:label	Abnormality of the auditory canal	耳道の異常		2023-07-31	1.0	EXACT		OFFICIAL
http://purl.obolibrary.org/obo/hp.owl	http://purl.obolibrary.org/obo/hp/releases/2023-07-21/hp.owl	en	ja	HP:0000735	rdfs:label	Impaired social interactions	社会的相互作用障害		2023-07-31	1.0	EXACT		OFFICIAL
http://purl.obolibrary.org/obo/hp.owl	http://purl.obolibrary.org/obo/hp/releases/2023-07-21/hp.owl	en	ja	HP:0000746	rdfs:label	Delusions	妄想		2023-07-31	1.0	EXACT		OFFICIAL
http://purl.obolibrary.org/obo/hp.owl	http://purl.obolibrary.org/obo/hp/releases/2023-07-21/hp.owl	en	ja	HP:0000923	rdfs:label	Beaded ribs	数珠状肋骨		2023-07-31	1.0	EXACT		OFFICIAL
http://purl.obolibrary.org/obo/hp.owl	http://purl.obolibrary.org/obo/hp/releases/2023-07-21/hp.owl	en	ja	HP:0000964	rdfs:label	Eczema	湿疹		2023-07-31	1.0	EXACT		OFFICIAL
http://purl.obolibrary.org/obo/hp.owl	http://purl.obolibrary.org/obo/hp/releases/2023-07-21/hp.owl	en	ja	HP:0000976	rdfs:label	Eczematoid dermatitis	湿疹性皮膚炎		2023-07-31	1.0	EXACT		OFFICIAL
http://purl.obolibrary.org/obo/hp.owl	http://purl.obolibrary.org/obo/hp/releases/2023-07-21/hp.owl	en	ja	HP:0001163	rdfs:label	Abnormality of the metacarpal bones	中手骨の異常		2023-07-31	1.0	EXACT		OFFICIAL
http://purl.obolibrary.org/obo/hp.owl	http://purl.obolibrary.org/obo/hp/releases/2023-07-21/hp.owl	en	ja	HP:0001180	rdfs:label	Hand oligodactyly	乏指症		2023-07-31	1.0	EXACT		OFFICIAL
http://purl.obolibrary.org/obo/hp.owl	http://purl.obolibrary.org/obo/hp/releases/2023-07-21/hp.owl	en	ja	HP:0001388	rdfs:label	Joint laxity	関節指間		2023-07-31	1.0	EXACT		OFFICIAL
http://purl.obolibrary.org/obo/hp.owl	http://purl.obolibrary.org/obo/hp/releases/2023-07-21/hp.owl	en	ja	HP:0001430	rdfs:label	Abnormality of the calf musculature	腓腹筋の異常		2023-07-31	1.0	EXACT		OFFICIAL
http://purl.obolibrary.org/obo/hp.owl	http://purl.obolibrary.org/obo/hp/releases/2023-07-21/hp.owl	en	ja	HP:0001441	rdfs:label	Abnormality of the musculature of the thigh	大腿の筋異常		2023-07-31	1.0	EXACT		OFFICIAL
http://purl.obolibrary.org/obo/hp.owl	http://purl.obolibrary.org/obo/hp/releases/2023-07-21/hp.owl	en	ja	HP:0002006	rdfs:label	Facial cleft	顔面裂		2023-07-31	1.0	EXACT		OFFICIAL
http://purl.obolibrary.org/obo/hp.owl	http://purl.obolibrary.org/obo/hp/releases/2023-07-21/hp.owl	en	ja	HP:0002062	rdfs:label	Morphological abnormality of the pyramidal tract	錐体路の形態異常		2023-07-31	1.0	EXACT		OFFICIAL
http://purl.obolibrary.org/obo/hp.owl	http://purl.obolibrary.org/obo/hp/releases/2023-07-21/hp.owl	en	ja	HP:0002151	rdfs:label	Increased serum lactate	血清乳酸増加		2023-07-31	1.0	EXACT		OFFICIAL
http://purl.obolibrary.org/obo/hp.owl	http://purl.obolibrary.org/obo/hp/releases/2023-07-21/hp.owl	en	ja	HP:0002193	rdfs:label	Pseudobulbar behavioral symptoms	偽性球麻痺行動症状		2023-07-31	1.0	EXACT		OFFICIAL
http://purl.obolibrary.org/obo/hp.owl	http://purl.obolibrary.org/obo/hp/releases/2023-07-21/hp.owl	en	ja	HP:0002360	rdfs:label	Sleep disturbance	睡眠障害		2023-07-31	1.0	EXACT		OFFICIAL
http://purl.obolibrary.org/obo/hp.owl	http://purl.obolibrary.org/obo/hp/releases/2023-07-21/hp.owl	en	ja	HP:0002367	rdfs:label	Visual hallucinations	視覚的幻覚		2023-07-31	1.0	EXACT		OFFICIAL
http://purl.obolibrary.org/obo/hp.owl	http://purl.obolibrary.org/obo/hp/releases/2023-07-21/hp.owl	en	ja	HP:0002461	rdfs:label	Dense calcifications in the cerebellar dentate nucleus	小脳歯状核の濃い石灰化		2023-07-31	1.0	EXACT		OFFICIAL
http://purl.obolibrary.org/obo/hp.owl	http://purl.obolibrary.org/obo/hp/releases/2023-07-21/hp.owl	en	ja	HP:0002492	rdfs:label	Morphological abnormality of the corticospinal tract	皮質脊髄路の異常		2023-07-31	1.0	EXACT		OFFICIAL
http://purl.obolibrary.org/obo/hp.owl	http://purl.obolibrary.org/obo/hp/releases/2023-07-21/hp.owl	en	ja	HP:0002519	rdfs:label	Hypnagogic hallucinations	入眠時幻覚		2023-07-31	1.0	EXACT		OFFICIAL
http://purl.obolibrary.org/obo/hp.owl	http://purl.obolibrary.org/obo/hp/releases/2023-07-21/hp.owl	en	ja	HP:0002761	rdfs:label	Generalized joint laxity	全身性関節弛緩		2023-07-31	1.0	EXACT		OFFICIAL
http://purl.obolibrary.org/obo/hp.owl	http://purl.obolibrary.org/obo/hp/releases/2023-07-21/hp.owl	en	ja	HP:0002813	rdfs:label	Abnormality of limb bone morphology	四肢骨形態の異常		2023-07-31	1.0	EXACT		OFFICIAL
http://purl.obolibrary.org/obo/hp.owl	http://purl.obolibrary.org/obo/hp/releases/2023-07-21/hp.owl	en	ja	HP:0002823	rdfs:label	Abnormality of femur morphology	大腿骨の異常		2023-07-31	1.0	EXACT		OFFICIAL
http://purl.obolibrary.org/obo/hp.owl	http://purl.obolibrary.org/obo/hp/releases/2023-07-21/hp.owl	en	ja	HP:0002910	rdfs:label	Elevated hepatic transaminase	肝トランスアミナーゼ上昇		2023-07-31	1.0	EXACT		OFFICIAL
http://purl.obolibrary.org/obo/hp.owl	http://purl.obolibrary.org/obo/hp/releases/2023-07-21/hp.owl	en	ja	HP:0002991	rdfs:label	Abnormality of fibula morphology	腓骨の異常		2023-07-31	1.0	EXACT		OFFICIAL
http://purl.obolibrary.org/obo/hp.owl	http://purl.obolibrary.org/obo/hp/releases/2023-07-21/hp.owl	en	ja	HP:0002992	rdfs:label	Abnormality of tibia morphology	脛骨の異常		2023-07-31	1.0	EXACT		OFFICIAL
http://purl.obolibrary.org/obo/hp.owl	http://purl.obolibrary.org/obo/hp/releases/2023-07-21/hp.owl	en	ja	HP:0003116	rdfs:label	Abnormal echocardiogram	異常心電図		2023-07-31	1.0	EXACT		OFFICIAL
http://purl.obolibrary.org/obo/hp.owl	http://purl.obolibrary.org/obo/hp/releases/2023-07-21/hp.owl	en	ja	HP:0003145	rdfs:label	Decreased adenosylcobalamin	アデノシルコバラミンの減少		2023-07-31	1.0	EXACT		OFFICIAL
http://purl.obolibrary.org/obo/hp.owl	http://purl.obolibrary.org/obo/hp/releases/2023-07-21/hp.owl	en	ja	HP:0003223	rdfs:label	Decreased methylcobalamin	メチルコバラミンの減少		2023-07-31	1.0	EXACT		OFFICIAL
http://purl.obolibrary.org/obo/hp.owl	http://purl.obolibrary.org/obo/hp/releases/2023-07-21/hp.owl	en	ja	HP:0003234	rdfs:label	Decreased plasma carnitine	血漿カルニチン減少		2023-07-31	1.0	EXACT		OFFICIAL
http://purl.obolibrary.org/obo/hp.owl	http://purl.obolibrary.org/obo/hp/releases/2023-07-21/hp.owl	en	ja	HP:0003262	rdfs:label	Smooth muscle antibody positivity	平滑筋 抗体陽性		2023-07-31	1.0	EXACT		OFFICIAL
http://purl.obolibrary.org/obo/hp.owl	http://purl.obolibrary.org/obo/hp/releases/2023-07-21/hp.owl	en	ja	HP:0003741	rdfs:label	Congenital muscular dystrophy	先天性筋ジストロフィー		2023-07-31	1.0	EXACT		OFFICIAL
http://purl.obolibrary.org/obo/hp.owl	http://purl.obolibrary.org/obo/hp/releases/2023-07-21/hp.owl	en	ja	HP:0003839	rdfs:label	Abnormality of upper limb epiphysis morphology	上肢骨端の異常		2023-07-31	1.0	EXACT		OFFICIAL
http://purl.obolibrary.org/obo/hp.owl	http://purl.obolibrary.org/obo/hp/releases/2023-07-21/hp.owl	en	ja	HP:0004362	rdfs:label	Abnormality of enteric ganglion morphology	腸神経節の異常		2023-07-31	1.0	EXACT		OFFICIAL
http://purl.obolibrary.org/obo/hp.owl	http://purl.obolibrary.org/obo/hp/releases/2023-07-21/hp.owl	en	ja	HP:0004372	rdfs:label	Reduced consciousness/confusion	意識減少/混乱		2023-07-31	1.0	EXACT		OFFICIAL
http://purl.obolibrary.org/obo/hp.owl	http://purl.obolibrary.org/obo/hp/releases/2023-07-21/hp.owl	en	ja	HP:0004466	rdfs:label	Prolonged brainstem auditory evoked potentials	遷延性脳幹聴性誘発反応		2023-07-31	1.0	EXACT		OFFICIAL
http://purl.obolibrary.org/obo/hp.owl	http://purl.obolibrary.org/obo/hp/releases/2023-07-21/hp.owl	en	ja	HP:0004905	rdfs:label	Low levels of vitamin A	ビタミンA欠乏症		2023-07-31	1.0	EXACT		OFFICIAL
http://purl.obolibrary.org/obo/hp.owl	http://purl.obolibrary.org/obo/hp/releases/2023-07-21/hp.owl	en	ja	HP:0005019	rdfs:label	Diaphyseal thickening	骨幹の肥厚		2023-07-31	1.0	EXACT		OFFICIAL
http://purl.obolibrary.org/obo/hp.owl	http://purl.obolibrary.org/obo/hp/releases/2023-07-21/hp.owl	en	ja	HP:0005072	rdfs:label	Hyperextensibility at wrists	手関節過伸展		2023-07-31	1.0	EXACT		OFFICIAL
http://purl.obolibrary.org/obo/hp.owl	http://purl.obolibrary.org/obo/hp/releases/2023-07-21/hp.owl	en	ja	HP:0005561	rdfs:label	Abnormality of bone marrow cell morphology	骨髄細胞形態の異常		2023-07-31	1.0	EXACT		OFFICIAL
http://purl.obolibrary.org/obo/hp.owl	http://purl.obolibrary.org/obo/hp/releases/2023-07-21/hp.owl	en	ja	HP:0005579	rdfs:label	Impaired renal ltubular reabsorption of chloride	クロール腎尿細管再吸収障害		2023-07-31	1.0	EXACT		OFFICIAL
http://purl.obolibrary.org/obo/hp.owl	http://purl.obolibrary.org/obo/hp/releases/2023-07-21/hp.owl	en	ja	HP:0005692	rdfs:label	Joint hyperflexibility	関節過伸展		2023-07-31	1.0	EXACT		OFFICIAL
http://purl.obolibrary.org/obo/hp.owl	http://purl.obolibrary.org/obo/hp/releases/2023-07-21/hp.owl	en	ja	HP:0005984	rdfs:label	Elevated maternal serum alpha-fetoprotein	母体血清α-フェトプロテイン上昇		2023-07-31	1.0	EXACT		OFFICIAL
http://purl.obolibrary.org/obo/hp.owl	http://purl.obolibrary.org/obo/hp/releases/2023-07-21/hp.owl	en	ja	HP:0006153	rdfs:label	Disharmonious carpal bone	手根骨不調和		2023-07-31	1.0	EXACT		OFFICIAL
http://purl.obolibrary.org/obo/hp.owl	http://purl.obolibrary.org/obo/hp/releases/2023-07-21/hp.owl	en	ja	HP:0006344	rdfs:label	Abnormality of primary molar morphology	永久歯臼歯形態の異常		2023-07-31	1.0	EXACT		OFFICIAL
http://purl.obolibrary.org/obo/hp.owl	http://purl.obolibrary.org/obo/hp/releases/2023-07-21/hp.owl	en	ja	HP:0006477	rdfs:label	Abnormality of the alveolar ridges	歯槽隆起の異常		2023-07-31	1.0	EXACT		OFFICIAL
http://purl.obolibrary.org/obo/hp.owl	http://purl.obolibrary.org/obo/hp/releases/2023-07-21/hp.owl	en	ja	HP:0006482	rdfs:label	Abnormality of dental morphology	歯形態異常		2023-07-31	1.0	EXACT		OFFICIAL
http://purl.obolibrary.org/obo/hp.owl	http://purl.obolibrary.org/obo/hp/releases/2023-07-21/hp.owl	en	ja	HP:0006500	rdfs:label	Abnormality of lower limb epiphysis morphology	下肢骨端の異常		2023-07-31	1.0	EXACT		OFFICIAL
http://purl.obolibrary.org/obo/hp.owl	http://purl.obolibrary.org/obo/hp/releases/2023-07-21/hp.owl	en	ja	HP:0006544	rdfs:label	Extrapulmonary sequestrum	肺外肺分画症		2023-07-31	1.0	EXACT		OFFICIAL
http://purl.obolibrary.org/obo/hp.owl	http://purl.obolibrary.org/obo/hp/releases/2023-07-21/hp.owl	en	ja	HP:0006729	rdfs:label	Retroperitoneal chemodectomas	後腹膜ケモデクトーマ		2023-07-31	1.0	EXACT		OFFICIAL
http://purl.obolibrary.org/obo/hp.owl	http://purl.obolibrary.org/obo/hp/releases/2023-07-21/hp.owl	en	ja	HP:0006803	rdfs:label	Vivid hallucinations	いきいきした幻覚		2023-07-31	1.0	EXACT		OFFICIAL
http://purl.obolibrary.org/obo/hp.owl	http://purl.obolibrary.org/obo/hp/releases/2023-07-21/hp.owl	en	ja	HP:0006896	rdfs:label	Hypnopompic hallucinations	覚醒前幻覚		2023-07-31	1.0	EXACT		OFFICIAL
http://purl.obolibrary.org/obo/hp.owl	http://purl.obolibrary.org/obo/hp/releases/2023-07-21/hp.owl	en	ja	HP:0007081	rdfs:label	Late-onset muscular dystrophy	遅発性筋ジストロフィー		2023-07-31	1.0	EXACT		OFFICIAL
http://purl.obolibrary.org/obo/hp.owl	http://purl.obolibrary.org/obo/hp/releases/2023-07-21/hp.owl	en	ja	HP:0007227	rdfs:label	Macrogyria	巨大脳回		2023-07-31	1.0	EXACT		OFFICIAL
http://purl.obolibrary.org/obo/hp.owl	http://purl.obolibrary.org/obo/hp/releases/2023-07-21/hp.owl	en	ja	HP:0007544	rdfs:label	Piebaldism	まだら症 (パイボールディズム）		2023-07-31	1.0	EXACT		OFFICIAL
http://purl.obolibrary.org/obo/hp.owl	http://purl.obolibrary.org/obo/hp/releases/2023-07-21/hp.owl	en	ja	HP:0008326	rdfs:label	Reduced circulating vitamin B6 level	ビタミンB6欠乏症		2023-07-31	1.0	EXACT		OFFICIAL
http://purl.obolibrary.org/obo/hp.owl	http://purl.obolibrary.org/obo/hp/releases/2023-07-21/hp.owl	en	ja	HP:0008372	rdfs:label	Abnormality of vitamin A metabolism	ビタミンA代謝の異常		2023-07-31	1.0	EXACT		OFFICIAL
http://purl.obolibrary.org/obo/hp.owl	http://purl.obolibrary.org/obo/hp/releases/2023-07-21/hp.owl	en	ja	HP:0008376	rdfs:label	Nasal, dysarthic speech	鼻声の構音障害性発語		2023-07-31	1.0	EXACT		OFFICIAL
http://purl.obolibrary.org/obo/hp.owl	http://purl.obolibrary.org/obo/hp/releases/2023-07-21/hp.owl	en	ja	HP:0008572	rdfs:label	External ear malformation	外耳奇形		2023-07-31	1.0	EXACT		OFFICIAL
http://purl.obolibrary.org/obo/hp.owl	http://purl.obolibrary.org/obo/hp/releases/2023-07-21/hp.owl	en	ja	HP:0008609	rdfs:label	Morphological abnormality of the middle ear	中耳の形態異常		2023-07-31	1.0	EXACT		OFFICIAL
http://purl.obolibrary.org/obo/hp.owl	http://purl.obolibrary.org/obo/hp/releases/2023-07-21/hp.owl	en	ja	HP:0008636	rdfs:label	Lobular glomerulopathy	小葉性糸球体症		2023-07-31	1.0	EXACT		OFFICIAL
http://purl.obolibrary.org/obo/hp.owl	http://purl.obolibrary.org/obo/hp/releases/2023-07-21/hp.owl	en	ja	HP:0008765	rdfs:label	Auditory hallucinations	聴覚幻覚		2023-07-31	1.0	EXACT		OFFICIAL
http://purl.obolibrary.org/obo/hp.owl	http://purl.obolibrary.org/obo/hp/releases/2023-07-21/hp.owl	en	ja	HP:0008768	rdfs:label	Inappropriate sexual behavior	不適切な性的行動		2023-07-31	1.0	EXACT		OFFICIAL
http://purl.obolibrary.org/obo/hp.owl	http://purl.obolibrary.org/obo/hp/releases/2023-07-21/hp.owl	en	ja	HP:0009380	rdfs:label	Aplasia of the fingers	指無形成		2023-07-31	1.0	EXACT		OFFICIAL
http://purl.obolibrary.org/obo/hp.owl	http://purl.obolibrary.org/obo/hp/releases/2023-07-21/hp.owl	en	ja	HP:0010524	rdfs:label	Agnosia	認知不能		2023-07-31	1.0	EXACT		OFFICIAL
http://purl.obolibrary.org/obo/hp.owl	http://purl.obolibrary.org/obo/hp/releases/2023-07-21/hp.owl	en	ja	HP:0010527	rdfs:label	Astereognosia	立体感覚失認症		2023-07-31	1.0	EXACT		OFFICIAL
http://purl.obolibrary.org/obo/hp.owl	http://purl.obolibrary.org/obo/hp/releases/2023-07-21/hp.owl	en	ja	HP:0010663	rdfs:label	Abnormality of thalamus morphology	視床形態の異常		2023-07-31	1.0	EXACT		OFFICIAL
http://purl.obolibrary.org/obo/hp.owl	http://purl.obolibrary.org/obo/hp/releases/2023-07-21/hp.owl	en	ja	HP:0010790	rdfs:label	Hyoplasia of the Leydig cells	Leydig 細胞低形成		2023-07-31	1.0	EXACT		OFFICIAL
http://purl.obolibrary.org/obo/hp.owl	http://purl.obolibrary.org/obo/hp/releases/2023-07-21/hp.owl	en	ja	HP:0010827	rdfs:label	Abnormality of the seventh cranial nerve	第7脳神経の異常		2023-07-31	1.0	EXACT		OFFICIAL
http://purl.obolibrary.org/obo/hp.owl	http://purl.obolibrary.org/obo/hp/releases/2023-07-21/hp.owl	en	ja	HP:0010960	rdfs:label	Bronchopulmonary sequestration	気管支肺分離症		2023-07-31	1.0	EXACT		OFFICIAL
http://purl.obolibrary.org/obo/hp.owl	http://purl.obolibrary.org/obo/hp/releases/2023-07-21/hp.owl	en	ja	HP:0010961	rdfs:label	Intralobar sequestration	肺葉内分画症		2023-07-31	1.0	EXACT		OFFICIAL
http://purl.obolibrary.org/obo/hp.owl	http://purl.obolibrary.org/obo/hp/releases/2023-07-21/hp.owl	en	ja	HP:0010962	rdfs:label	Extralobar sequestration	肺葉外肺分画症		2023-07-31	1.0	EXACT		OFFICIAL
http://purl.obolibrary.org/obo/hp.owl	http://purl.obolibrary.org/obo/hp/releases/2023-07-21/hp.owl	en	ja	HP:0011021	rdfs:label	Abnormality of circulating enzyme level	循環性酵素値の異常		2023-07-31	1.0	EXACT		OFFICIAL
http://purl.obolibrary.org/obo/hp.owl	http://purl.obolibrary.org/obo/hp/releases/2023-07-21/hp.owl	en	ja	HP:0011071	rdfs:label	Abnormality of permanent molar morphology	永久歯臼歯形態の異常		2023-07-31	1.0	EXACT		OFFICIAL
http://purl.obolibrary.org/obo/hp.owl	http://purl.obolibrary.org/obo/hp/releases/2023-07-21/hp.owl	en	ja	HP:0011111	rdfs:label	Abnormality of immune serum protein physiology	免疫血清タンパク生理の異常		2023-07-31	1.0	EXACT		OFFICIAL
http://purl.obolibrary.org/obo/hp.owl	http://purl.obolibrary.org/obo/hp/releases/2023-07-21/hp.owl	en	ja	HP:0011121	rdfs:label	Abnormality of skin morphology	皮膚形態の異常		2023-07-31	1.0	EXACT		OFFICIAL
http://purl.obolibrary.org/obo/hp.owl	http://purl.obolibrary.org/obo/hp/releases/2023-07-21/hp.owl	en	ja	HP:0011138	rdfs:label	Abnormality of skin adnexa morphology	皮膚付属器の異常		2023-07-31	1.0	EXACT		OFFICIAL
http://purl.obolibrary.org/obo/hp.owl	http://purl.obolibrary.org/obo/hp/releases/2023-07-21/hp.owl	en	ja	HP:0011278	rdfs:label	Intrapulmonary sequestration	肺内分画症		2023-07-31	1.0	EXACT		OFFICIAL
http://purl.obolibrary.org/obo/hp.owl	http://purl.obolibrary.org/obo/hp/releases/2023-07-21/hp.owl	en	ja	HP:0011376	rdfs:label	Morphological abnormality of the vestibule of the inner ear	内耳前庭の形態異常		2023-07-31	1.0	EXACT		OFFICIAL
http://purl.obolibrary.org/obo/hp.owl	http://purl.obolibrary.org/obo/hp/releases/2023-07-21/hp.owl	en	ja	HP:0011380	rdfs:label	Morphological abnormality of the semicircular canal	三半規管の形態異常		2023-07-31	1.0	EXACT		OFFICIAL
http://purl.obolibrary.org/obo/hp.owl	http://purl.obolibrary.org/obo/hp/releases/2023-07-21/hp.owl	en	ja	HP:0011390	rdfs:label	Morphological abnormality of the inner ear	内耳の形態異常		2023-07-31	1.0	EXACT		OFFICIAL
http://purl.obolibrary.org/obo/hp.owl	http://purl.obolibrary.org/obo/hp/releases/2023-07-21/hp.owl	en	ja	HP:0011391	rdfs:label	Morphological abnormality of the nerves of the inner ear	内耳神経の形態異常		2023-07-31	1.0	EXACT		OFFICIAL
http://purl.obolibrary.org/obo/hp.owl	http://purl.obolibrary.org/obo/hp/releases/2023-07-21/hp.owl	en	ja	HP:0011432	rdfs:label	High maternal circulating alpha-fetoprotein concentration	母体血清αフェトプロテイン高値		2023-07-31	1.0	EXACT		OFFICIAL
http://purl.obolibrary.org/obo/hp.owl	http://purl.obolibrary.org/obo/hp/releases/2023-07-21/hp.owl	en	ja	HP:0011446	rdfs:label	Abnormality of higher mental function	高次精神機能の異常		2023-07-31	1.0	EXACT		OFFICIAL
http://purl.obolibrary.org/obo/hp.owl	http://purl.obolibrary.org/obo/hp/releases/2023-07-21/hp.owl	en	ja	HP:0011472	rdfs:label	Abnormality of small intestinal villus morphology	小腸絨毛形態の異常		2023-07-31	1.0	EXACT		OFFICIAL
http://purl.obolibrary.org/obo/hp.owl	http://purl.obolibrary.org/obo/hp/releases/2023-07-21/hp.owl	en	ja	HP:0011497	rdfs:label	Iris neovascularization	虹彩血管新生		2023-07-31	1.0	EXACT		OFFICIAL
http://purl.obolibrary.org/obo/hp.owl	http://purl.obolibrary.org/obo/hp/releases/2023-07-21/hp.owl	en	ja	HP:0011513	rdfs:label	Retinal cavernous angioma	網膜海綿状血管腫		2023-07-31	1.0	EXACT		OFFICIAL
http://purl.obolibrary.org/obo/hp.owl	http://purl.obolibrary.org/obo/hp/releases/2023-07-21/hp.owl	en	ja	HP:0011732	rdfs:label	Abnormality of adrenal morphology	副腎形態異常		2023-07-31	1.0	EXACT		OFFICIAL
http://purl.obolibrary.org/obo/hp.owl	http://purl.obolibrary.org/obo/hp/releases/2023-07-21/hp.owl	en	ja	HP:0011766	rdfs:label	Abnormality of the parathyroid morphology	副甲状腺形態異常		2023-07-31	1.0	EXACT		OFFICIAL
http://purl.obolibrary.org/obo/hp.owl	http://purl.obolibrary.org/obo/hp/releases/2023-07-21/hp.owl	en	ja	HP:0011892	rdfs:label	Low levels of vitamin K	ビタミンK欠乏症		2023-07-31	1.0	EXACT		OFFICIAL
http://purl.obolibrary.org/obo/hp.owl	http://purl.obolibrary.org/obo/hp/releases/2023-07-21/hp.owl	en	ja	HP:0011992	rdfs:label	Abnormality of neutrophil morphology	好中球形態の異常		2023-07-31	1.0	EXACT		OFFICIAL
http://purl.obolibrary.org/obo/hp.owl	http://purl.obolibrary.org/obo/hp/releases/2023-07-21/hp.owl	en	ja	HP:0012071	rdfs:label	Abnormal circulating acetylcarnitine concentration	アセチルカルニチン代謝の異常		2023-07-31	1.0	EXACT		OFFICIAL
http://purl.obolibrary.org/obo/hp.owl	http://purl.obolibrary.org/obo/hp/releases/2023-07-21/hp.owl	en	ja	HP:0012380	rdfs:label	Reduced carnitine O-palmitoyltransferase level	carnitine O-palmitoyltransferase 活性減少		2023-07-31	1.0	EXACT		OFFICIAL
http://purl.obolibrary.org/obo/hp.owl	http://purl.obolibrary.org/obo/hp/releases/2023-07-21/hp.owl	en	ja	HP:0012434	rdfs:label	Delayed social development	社会性の発達遅延		2023-07-31	1.0	EXACT		OFFICIAL
http://purl.obolibrary.org/obo/hp.owl	http://purl.obolibrary.org/obo/hp/releases/2023-07-21/hp.owl	en	ja	HP:0012443	rdfs:label	Abnormality of brain morphology	脳形態の異常		2023-07-31	1.0	EXACT		OFFICIAL
http://purl.obolibrary.org/obo/hp.owl	http://purl.obolibrary.org/obo/hp/releases/2023-07-21/hp.owl	en	ja	HP:0012718	rdfs:label	Morphological abnormality of the gastrointestinal tract	胃腸管の形態異常		2023-07-31	1.0	EXACT		OFFICIAL
http://purl.obolibrary.org/obo/hp.owl	http://purl.obolibrary.org/obo/hp/releases/2023-07-21/hp.owl	en	ja	HP:0020152	rdfs:label	Distal joint laxity	遠位関節弛緩症		2023-07-31		EXACT		OFFICIAL
http://purl.obolibrary.org/obo/hp.owl	http://purl.obolibrary.org/obo/hp/releases/2023-07-21/hp.owl	en	ja	HP:0025028	rdfs:label	Abnormality of enteric nervous system morphology	腸神経系の形態異常		2023-07-31		EXACT		OFFICIAL
http://purl.obolibrary.org/obo/hp.owl	http://purl.obolibrary.org/obo/hp/releases/2023-07-21/hp.owl	en	ja	HP:0025029	rdfs:label	Abnormality of enteric neuron morphology	腸神経細胞の形態異常		2023-07-31		EXACT		OFFICIAL
http://purl.obolibrary.org/obo/hp.owl	http://purl.obolibrary.org/obo/hp/releases/2023-07-21/hp.owl	en	ja	HP:0025033	rdfs:label	Abnormality of digestive system morphology	消化器系の形態異常		2023-07-31		EXACT		OFFICIAL
http://purl.obolibrary.org/obo/hp.owl	http://purl.obolibrary.org/obo/hp/releases/2023-07-21/hp.owl	en	ja	HP:0025057	rdfs:label	Abnormality of olfactory lobe morphology	嗅葉形態異常		2023-07-31		EXACT		OFFICIAL
http://purl.obolibrary.org/obo/hp.owl	http://purl.obolibrary.org/obo/hp/releases/2023-07-21/hp.owl	en	ja	HP:0025163	rdfs:label	Abnormality of optic chiasm morphology	視交叉の形態異常		2023-07-31		EXACT		OFFICIAL
http://purl.obolibrary.org/obo/hp.owl	http://purl.obolibrary.org/obo/hp/releases/2023-07-21/hp.owl	en	ja	HP:0025235	rdfs:label	Non-rapid eye movement parasomnia	非急速眼球運動性睡眠時随伴症		2023-07-31		EXACT		OFFICIAL
http://purl.obolibrary.org/obo/hp.owl	http://purl.obolibrary.org/obo/hp/releases/2023-07-21/hp.owl	en	ja	HP:0025319	rdfs:label	Rubeosis iridis	虹彩ルベオーシス		2023-07-31		EXACT		OFFICIAL
http://purl.obolibrary.org/obo/hp.owl	http://purl.obolibrary.org/obo/hp/releases/2023-07-21/hp.owl	en	ja	HP:0025361	rdfs:label	Abnormality of medullary pyramid morphology	髄錐形態異常		2023-07-31		EXACT		OFFICIAL
http://purl.obolibrary.org/obo/hp.owl	http://purl.obolibrary.org/obo/hp/releases/2023-07-21/hp.owl	en	ja	HP:0025428	rdfs:label	Bronchospasm	気管支痙攣		2023-07-31		EXACT		OFFICIAL
http://purl.obolibrary.org/obo/hp.owl	http://purl.obolibrary.org/obo/hp/releases/2023-07-21/hp.owl	en	ja	HP:0025434	rdfs:label	Reduced hemolytic complement activity	溶血性補体活性の低下		2023-07-31		EXACT		OFFICIAL
http://purl.obolibrary.org/obo/hp.owl	http://purl.obolibrary.org/obo/hp/releases/2023-07-21/hp.owl	en	ja	HP:0025445	rdfs:label	Morphological abnormality of the papillary muscles	乳頭筋の形態異常		2023-07-31		EXACT		OFFICIAL
http://purl.obolibrary.org/obo/hp.owl	http://purl.obolibrary.org/obo/hp/releases/2023-07-21/hp.owl	en	ja	HP:0025483	rdfs:label	Abnormal circulating thyroglobulin level	循環サイログロブリン値異常		2023-07-31		EXACT		OFFICIAL
http://purl.obolibrary.org/obo/hp.owl	http://purl.obolibrary.org/obo/hp/releases/2023-07-21/hp.owl	en	ja	HP:0025484	rdfs:label	Increased circulating thyroglobulin level	循環サイログロブリン値の上昇		2023-07-31		EXACT		OFFICIAL
http://purl.obolibrary.org/obo/hp.owl	http://purl.obolibrary.org/obo/hp/releases/2023-07-21/hp.owl	en	ja	HP:0025487	rdfs:label	Abnormality of bladder morphology	膀胱形態異常		2023-07-31		EXACT		OFFICIAL
http://purl.obolibrary.org/obo/hp.owl	http://purl.obolibrary.org/obo/hp/releases/2023-07-21/hp.owl	en	ja	HP:0030223	rdfs:label	Manifestations of perseverative thought or action	根気強い思考または行動の表出		2023-07-31		EXACT		OFFICIAL
http://purl.obolibrary.org/obo/hp.owl	http://purl.obolibrary.org/obo/hp/releases/2023-07-21/hp.owl	en	ja	HP:0030270	rdfs:label	Elevated red cell adenosine deaminase level	赤血球アデノシンデアミナーゼ値の上昇		2023-07-31		EXACT		OFFICIAL
http://purl.obolibrary.org/obo/hp.owl	http://purl.obolibrary.org/obo/hp/releases/2023-07-21/hp.owl	en	ja	HP:0030508	rdfs:label	Retinal cavernous hemangioma	網膜海綿状血管腫		2023-07-31		EXACT		OFFICIAL
http://purl.obolibrary.org/obo/hp.owl	http://purl.obolibrary.org/obo/hp/releases/2023-07-21/hp.owl	en	ja	HP:0030680	rdfs:label	Abnormality of cardiovascular system morphology	循環器系の形態異常		2023-07-31		EXACT		OFFICIAL
http://purl.obolibrary.org/obo/hp.owl	http://purl.obolibrary.org/obo/hp/releases/2023-07-21/hp.owl	en	ja	HP:0030935	rdfs:label	Abnormality of intestinal smooth muscle morphology	腸管平滑筋の形態異常		2023-07-31		EXACT		OFFICIAL
http://purl.obolibrary.org/obo/hp.owl	http://purl.obolibrary.org/obo/hp/releases/2023-07-21/hp.owl	en	ja	HP:0030955	rdfs:label	Alcoholism	アルコール中毒		2023-07-31		EXACT		OFFICIAL
http://purl.obolibrary.org/obo/hp.owl	http://purl.obolibrary.org/obo/hp/releases/2023-07-21/hp.owl	en	ja	HP:0031029	rdfs:label	Elevated carcinoembryonic antigen level	カルチノエンブリオニック抗原高値		2023-07-31		EXACT		OFFICIAL
http://purl.obolibrary.org/obo/hp.owl	http://purl.obolibrary.org/obo/hp/releases/2023-07-21/hp.owl	en	ja	HP:0031039	rdfs:label	Early spermatogenesis maturation arrest	初期精子形成成熟停止		2023-07-31		EXACT		OFFICIAL
http://purl.obolibrary.org/obo/hp.owl	http://purl.obolibrary.org/obo/hp/releases/2023-07-21/hp.owl	en	ja	HP:0031085	rdfs:label	Decreased prealbumin level	プレアルブミン値の低下		2023-07-31		EXACT		OFFICIAL
http://purl.obolibrary.org/obo/hp.owl	http://purl.obolibrary.org/obo/hp/releases/2023-07-21/hp.owl	en	ja	HP:0031469	rdfs:label	Low self esteem	低い自尊心		2023-07-31		EXACT		OFFICIAL
http://purl.obolibrary.org/obo/hp.owl	http://purl.obolibrary.org/obo/hp/releases/2023-07-21/hp.owl	en	ja	HP:0031472	rdfs:label	Risk taking	危険を冒す		2023-07-31		EXACT		OFFICIAL
http://purl.obolibrary.org/obo/hp.owl	http://purl.obolibrary.org/obo/hp/releases/2023-07-21/hp.owl	en	ja	HP:0031906	rdfs:label	Decreased total hemolytic complement activity	総溶血性補体活性の低下		2023-07-31		EXACT		OFFICIAL
http://purl.obolibrary.org/obo/hp.owl	http://purl.obolibrary.org/obo/hp/releases/2023-07-21/hp.owl	en	ja	HP:0032025	rdfs:label	Reduced serum alpha-1-antitrypsin	血清中α-1-アンチトリプシンの低下		2023-07-31		EXACT		OFFICIAL
http://purl.obolibrary.org/obo/hp.owl	http://purl.obolibrary.org/obo/hp/releases/2023-07-21/hp.owl	en	ja	HP:0032476	rdfs:label	Abnormal circulating vitamin B6 level	循環ビタミンB6値異常		2023-07-31		EXACT		OFFICIAL
http://purl.obolibrary.org/obo/hp.owl	http://purl.obolibrary.org/obo/hp/releases/2023-07-21/hp.owl	en	ja	HP:0032477	rdfs:label	Elevated circulating vitamin B6 level	循環ビタミンB6値の上昇		2023-07-31		EXACT		OFFICIAL
http://purl.obolibrary.org/obo/hp.owl	http://purl.obolibrary.org/obo/hp/releases/2023-07-21/hp.owl	en	ja	HP:0032514	rdfs:label	Duplicated lacrimal punctum	涙点重複症		2023-07-31		EXACT		OFFICIAL
http://purl.obolibrary.org/obo/hp.owl	http://purl.obolibrary.org/obo/hp/releases/2023-07-21/hp.owl	en	ja	HP:0032940	rdfs:label	Dissociative reaction	解離反応		2023-07-31		EXACT		OFFICIAL
http://purl.obolibrary.org/obo/hp.owl	http://purl.obolibrary.org/obo/hp/releases/2023-07-21/hp.owl	en	ja	HP:0033052	rdfs:label	Psychogenic non-epileptic seizure	心因性非てんかん発作		2023-07-31		EXACT		OFFICIAL
http://purl.obolibrary.org/obo/hp.owl	http://purl.obolibrary.org/obo/hp/releases/2023-07-21/hp.owl	en	ja	HP:0033063	rdfs:label	Shortened sleep cycle	睡眠周期の短縮		2023-07-31		EXACT		OFFICIAL
http://purl.obolibrary.org/obo/hp.owl	http://purl.obolibrary.org/obo/hp/releases/2023-07-21/hp.owl	en	ja	HP:0033332	rdfs:label	Elevated circulating amyloid A	循環アミロイドAの上昇		2023-07-31		EXACT		OFFICIAL
http://purl.obolibrary.org/obo/hp.owl	http://purl.obolibrary.org/obo/hp/releases/2023-07-21/hp.owl	en	ja	HP:0033452	rdfs:label	Decreased circulating prealbumin concentration	循環プレアルブミン濃度の低下		2023-07-31		EXACT		OFFICIAL
http://purl.obolibrary.org/obo/hp.owl	http://purl.obolibrary.org/obo/hp/releases/2023-07-21/hp.owl	en	ja	HP:0033511	rdfs:label	Drug addiction	薬物中毒		2023-07-31		EXACT		OFFICIAL
http://purl.obolibrary.org/obo/hp.owl	http://purl.obolibrary.org/obo/hp/releases/2023-07-21/hp.owl	en	ja	HP:0033512	rdfs:label	Stimulant addiction	覚せい剤中毒		2023-07-31		EXACT		OFFICIAL
http://purl.obolibrary.org/obo/hp.owl	http://purl.obolibrary.org/obo/hp/releases/2023-07-21/hp.owl	en	ja	HP:0033513	rdfs:label	Cocaine addiction	コカイン中毒		2023-07-31		EXACT		OFFICIAL
http://purl.obolibrary.org/obo/hp.owl	http://purl.obolibrary.org/obo/hp/releases/2023-07-21/hp.owl	en	ja	HP:0033514	rdfs:label	Amphetamine addiction	アンフェタミン中毒		2023-07-31		EXACT		OFFICIAL
http://purl.obolibrary.org/obo/hp.owl	http://purl.obolibrary.org/obo/hp/releases/2023-07-21/hp.owl	en	ja	HP:0033515	rdfs:label	Opioid addiction	オピオイド中毒		2023-07-31		EXACT		OFFICIAL
http://purl.obolibrary.org/obo/hp.owl	http://purl.obolibrary.org/obo/hp/releases/2023-07-21/hp.owl	en	ja	HP:0033516	rdfs:label	Benzodiazepine addiction	ベンゾジアゼピン中毒		2023-07-31		EXACT		OFFICIAL
http://purl.obolibrary.org/obo/hp.owl	http://purl.obolibrary.org/obo/hp/releases/2023-07-21/hp.owl	en	ja	HP:0033517	rdfs:label	Heroin addiction	ヘロイン中毒		2023-07-31		EXACT		OFFICIAL
http://purl.obolibrary.org/obo/hp.owl	http://purl.obolibrary.org/obo/hp/releases/2023-07-21/hp.owl	en	ja	HP:0033518	rdfs:label	Methylphenidate addiction	メチルフェニデート中毒		2023-07-31		EXACT		OFFICIAL
http://purl.obolibrary.org/obo/hp.owl	http://purl.obolibrary.org/obo/hp/releases/2023-07-21/hp.owl	en	ja	HP:0033519	rdfs:label	Methamphetamine addiction	覚せい剤中毒		2023-07-31		EXACT		OFFICIAL
http://purl.obolibrary.org/obo/hp.owl	http://purl.obolibrary.org/obo/hp/releases/2023-07-21/hp.owl	en	ja	HP:0033543	rdfs:label	Nicotine addiction	ニコチン中毒		2023-07-31		EXACT		OFFICIAL
http://purl.obolibrary.org/obo/hp.owl	http://purl.obolibrary.org/obo/hp/releases/2023-07-21/hp.owl	en	ja	HP:0033919	rdfs:label	Medial/intimal arcuate venulitis	内膜・内膜弧状静脈炎		2023-07-31		EXACT		OFFICIAL
http://purl.obolibrary.org/obo/hp.owl	http://purl.obolibrary.org/obo/hp/releases/2023-07-21/hp.owl	en	ja	HP:0034026	rdfs:label	Elevated circulating sacchoropine concentration	循環サコロピン濃度上昇		2023-07-31		EXACT		OFFICIAL
http://purl.obolibrary.org/obo/hp.owl	http://purl.obolibrary.org/obo/hp/releases/2023-07-21/hp.owl	en	ja	HP:0034041	rdfs:label	Ventricular ectopy	心室性期外収縮		2023-07-31		EXACT		OFFICIAL
http://purl.obolibrary.org/obo/hp.owl	http://purl.obolibrary.org/obo/hp/releases/2023-07-21/hp.owl	en	ja	HP:0034116	rdfs:label	Anti-thyrotropin receptor antibody	抗チロトロピン受容体抗体陽性		2023-07-31		EXACT		OFFICIAL
http://purl.obolibrary.org/obo/hp.owl	http://purl.obolibrary.org/obo/hp/releases/2023-07-21/hp.owl	en	ja	HP:0034367	rdfs:label	Decreased beta-mannosidase activity	β-マンノシダーゼ活性の低下		2023-07-31		EXACT		OFFICIAL
http://purl.obolibrary.org/obo/hp.owl	http://purl.obolibrary.org/obo/hp/releases/2023-07-21/hp.owl	en	ja	HP:0034595	rdfs:label	Elevated circulating N-carbamyl-beta-alanine concentration	循環中N-カルバミル-β-アラニン濃度の上昇		2023-07-31		EXACT		OFFICIAL
http://purl.obolibrary.org/obo/hp.owl	http://purl.obolibrary.org/obo/hp/releases/2023-07-21/hp.owl	en	ja	HP:0034611	rdfs:label	Elevated circulating arabitol concentration	循環アラビトール濃度の上昇		2023-07-31		EXACT		OFFICIAL
http://purl.obolibrary.org/obo/hp.owl	http://purl.obolibrary.org/obo/hp/releases/2023-07-21/hp.owl	en	ja	HP:0034712	rdfs:label	Decreased alpha-mannosidase activity	α-マンノシダーゼ活性低下		2023-07-31		EXACT		OFFICIAL
http://purl.obolibrary.org/obo/hp.owl	http://purl.obolibrary.org/obo/hp/releases/2023-07-21/hp.owl	en	ja	HP:0034725	rdfs:label	Abnormal beta-mannosidase activity	β-マンノシダーゼ活性異常		2023-07-31		EXACT		OFFICIAL
http://purl.obolibrary.org/obo/hp.owl	http://purl.obolibrary.org/obo/hp/releases/2023-07-21/hp.owl	en	ja	HP:0034726	rdfs:label	Elevated beta-mannosidase activity	β-マンノシダーゼ活性の上昇		2023-07-31		EXACT		OFFICIAL
http://purl.obolibrary.org/obo/hp.owl	http://purl.obolibrary.org/obo/hp/releases/2023-07-21/hp.owl	en	ja	HP:0034727	rdfs:label	Reduced alpha-L-fucosidase activity	α-L-フコシダーゼ活性の低下		2023-07-31		EXACT		OFFICIAL
http://purl.obolibrary.org/obo/hp.owl	http://purl.obolibrary.org/obo/hp/releases/2023-07-21/hp.owl	en	ja	HP:0034728	rdfs:label	Abnormal alpha-L-fucosidase activity	α-L-フコシダーゼ活性異常		2023-07-31		EXACT		OFFICIAL
http://purl.obolibrary.org/obo/hp.owl	http://purl.obolibrary.org/obo/hp/releases/2023-07-21/hp.owl	en	ja	HP:0034729	rdfs:label	Elevated alpha-L-fucosidase activity	α-L-フコシダーゼ活性上昇		2023-07-31		EXACT		OFFICIAL
http://purl.obolibrary.org/obo/hp.owl	http://purl.obolibrary.org/obo/hp/releases/2023-07-21/hp.owl	en	ja	HP:0034889	rdfs:label	Positive urine infectious agent nucleid acid test	尿中感染因子核酸検査陽性		2023-07-31		EXACT		OFFICIAL
http://purl.obolibrary.org/obo/hp.owl	http://purl.obolibrary.org/obo/hp/releases/2023-07-21/hp.owl	en	ja	HP:0034933	rdfs:label	Increased circulating ribitol concentration	循環リビトール濃度の上昇		2023-07-31		EXACT		OFFICIAL
http://purl.obolibrary.org/obo/hp.owl	http://purl.obolibrary.org/obo/hp/releases/2023-07-21/hp.owl	en	ja	HP:0034983	rdfs:label	Phenylephrine does not induce blanching of eye redness	フェニレフリンは眼充血の白化を誘発しない		2023-07-31		EXACT		OFFICIAL
http://purl.obolibrary.org/obo/hp.owl	http://purl.obolibrary.org/obo/hp/releases/2023-07-21/hp.owl	en	ja	HP:0034994	rdfs:label	Elevated circulating saccharopine concentration	循環サッカロピン濃度の上昇		2023-07-31		EXACT		OFFICIAL
http://purl.obolibrary.org/obo/hp.owl	http://purl.obolibrary.org/obo/hp/releases/2023-07-21/hp.owl	en	ja	HP:0034996	rdfs:label	Reduced hepatic carbamoylphosphate synthetase activity	肝カルバモイルリン酸合成酵素活性の低下		2023-07-31		EXACT		OFFICIAL
http://purl.obolibrary.org/obo/hp.owl	http://purl.obolibrary.org/obo/hp/releases/2023-07-21/hp.owl	en	ja	HP:0040090	rdfs:label	Abnormality of the tympanic membrane	鼓膜の異常		2023-07-31		EXACT		OFFICIAL
http://purl.obolibrary.org/obo/hp.owl	http://purl.obolibrary.org/obo/hp/releases/2023-07-21/hp.owl	en	ja	HP:0040106	rdfs:label	Morphological abnormality of the lateral semicircular canal	外半規管の形態異常		2023-07-31		EXACT		OFFICIAL
http://purl.obolibrary.org/obo/hp.owl	http://purl.obolibrary.org/obo/hp/releases/2023-07-21/hp.owl	en	ja	HP:0040107	rdfs:label	Morphological abnormality of the posterior semicircular canal	後半規管の形態異常		2023-07-31		EXACT		OFFICIAL
http://purl.obolibrary.org/obo/hp.owl	http://purl.obolibrary.org/obo/hp/releases/2023-07-21/hp.owl	en	ja	HP:0040108	rdfs:label	Morphological abnormality of the anterior semicircular canal	前半規管の形態学的異常		2023-07-31		EXACT		OFFICIAL
http://purl.obolibrary.org/obo/hp.owl	http://purl.obolibrary.org/obo/hp/releases/2023-07-21/hp.owl	en	ja	HP:0040109	rdfs:label	Morphological abnormality of the utricle	僧帽弁の形態学的異常		2023-07-31		EXACT		OFFICIAL
http://purl.obolibrary.org/obo/hp.owl	http://purl.obolibrary.org/obo/hp/releases/2023-07-21/hp.owl	en	ja	HP:0040110	rdfs:label	Morphological abnormality of the saccule	仙骨の形態学的異常		2023-07-31		EXACT		OFFICIAL
http://purl.obolibrary.org/obo/hp.owl	http://purl.obolibrary.org/obo/hp/releases/2023-07-21/hp.owl	en	ja	HP:0040126	rdfs:label	Abnormal vitamin B12 level	ビタミンB12値異常		2023-07-31		EXACT		OFFICIAL
http://purl.obolibrary.org/obo/hp.owl	http://purl.obolibrary.org/obo/hp/releases/2023-07-21/hp.owl	en	ja	HP:0040268	rdfs:label	Recurrent infections of the middle ear	再発性中耳炎		2023-07-31		EXACT		OFFICIAL
http://purl.obolibrary.org/obo/hp.owl	http://purl.obolibrary.org/obo/hp/releases/2023-07-21/hp.owl	en	ja	HP:0040278	rdfs:label	Prolactinoma	プロラクチノーマ		2023-07-31		EXACT		OFFICIAL
http://purl.obolibrary.org/obo/hp.owl	http://purl.obolibrary.org/obo/hp/releases/2023-07-21/hp.owl	en	ja	HP:0041063	rdfs:label	Chronic decreased cirulating IgG2	慢性循環性IgG2減少症		2023-07-31		EXACT		OFFICIAL
http://purl.obolibrary.org/obo/hp.owl	http://purl.obolibrary.org/obo/hp/releases/2023-07-21/hp.owl	en	ja	HP:0041154	rdfs:label	Fractured elbow joint	肘関節骨折		2023-07-31		EXACT		OFFICIAL
http://purl.obolibrary.org/obo/hp.owl	http://purl.obolibrary.org/obo/hp/releases/2023-07-21/hp.owl	en	ja	HP:0045040	rdfs:label	Abnormal lactate dehydrogenase level	乳酸脱水素酵素値の異常		2023-07-31		EXACT		OFFICIAL
http://purl.obolibrary.org/obo/hp.owl	http://purl.obolibrary.org/obo/hp/releases/2023-07-21/hp.owl	en	ja	HP:0045041	rdfs:label	Reduced lactate dehydrogenase B level	乳酸脱水素酵素B値の低下		2023-07-31		EXACT		OFFICIAL
http://purl.obolibrary.org/obo/hp.owl	http://purl.obolibrary.org/obo/hp/releases/2023-07-21/hp.owl	en	ja	HP:0100016	rdfs:label	Abnormality of mesentery morphology	腸間膜の異常		2023-07-31	1.0	EXACT		OFFICIAL
http://purl.obolibrary.org/obo/hp.owl	http://purl.obolibrary.org/obo/hp/releases/2023-07-21/hp.owl	en	ja	HP:0100291	rdfs:label	Abnormality of central somatosensory evoked potentials	中枢性身体感覚誘発電位の異常		2023-07-31	1.0	EXACT		OFFICIAL
http://purl.obolibrary.org/obo/hp.owl	http://purl.obolibrary.org/obo/hp/releases/2023-07-21/hp.owl	en	ja	HP:0100335	rdfs:label	Non-midline cleft lip	非正中口唇裂		2023-07-31	1.0	EXACT		OFFICIAL
http://purl.obolibrary.org/obo/hp.owl	http://purl.obolibrary.org/obo/hp/releases/2023-07-21/hp.owl	en	ja	HP:0100502	rdfs:label	Vitamin B12 deficiency	ビタミンB12欠乏症		2023-07-31	1.0	EXACT		OFFICIAL
http://purl.obolibrary.org/obo/hp.owl	http://purl.obolibrary.org/obo/hp/releases/2023-07-21/hp.owl	en	ja	HP:0100503	rdfs:label	Low levels of vitamin B1	ビタミンB1欠乏症		2023-07-31	1.0	EXACT		OFFICIAL
http://purl.obolibrary.org/obo/hp.owl	http://purl.obolibrary.org/obo/hp/releases/2023-07-21/hp.owl	en	ja	HP:0100504	rdfs:label	Low levels of vitamin B2	ビタミンB2欠乏症		2023-07-31	1.0	EXACT		OFFICIAL
http://purl.obolibrary.org/obo/hp.owl	http://purl.obolibrary.org/obo/hp/releases/2023-07-21/hp.owl	en	ja	HP:0100505	rdfs:label	Low levels of vitamin B5	ビタミンB5欠乏症		2023-07-31	1.0	EXACT		OFFICIAL
http://purl.obolibrary.org/obo/hp.owl	http://purl.obolibrary.org/obo/hp/releases/2023-07-21/hp.owl	en	ja	HP:0100506	rdfs:label	Low levels of vitamin B8	ビタミンB8欠乏症		2023-07-31	1.0	EXACT		OFFICIAL
http://purl.obolibrary.org/obo/hp.owl	http://purl.obolibrary.org/obo/hp/releases/2023-07-21/hp.owl	en	ja	HP:0100510	rdfs:label	Low levels of vitamin C	ビタミンC欠乏症		2023-07-31	1.0	EXACT		OFFICIAL
http://purl.obolibrary.org/obo/hp.owl	http://purl.obolibrary.org/obo/hp/releases/2023-07-21/hp.owl	en	ja	HP:0100512	rdfs:label	Low levels of vitamin D	ビタミンD欠乏症		2023-07-31	1.0	EXACT		OFFICIAL
http://purl.obolibrary.org/obo/hp.owl	http://purl.obolibrary.org/obo/hp/releases/2023-07-21/hp.owl	en	ja	HP:0100734	rdfs:label	Abnormality of vertebral epiphysis morphology	脊椎骨端の異常		2023-07-31	1.0	EXACT		OFFICIAL
http://purl.obolibrary.org/obo/hp.owl	http://purl.obolibrary.org/obo/hp/releases/2023-07-21/hp.owl	en	ja	HP:0100851	rdfs:label	Abnormal emotion/affect behavior	異常な感情/情動行動		2023-07-31	1.0	EXACT		OFFICIAL
http://purl.obolibrary.org/obo/hp.owl	http://purl.obolibrary.org/obo/hp/releases/2023-07-21/hp.owl	en	ja	HP:0100852	rdfs:label	Abnormal fear/anxiety-related behavior	異常な恐怖/不安関連行動		2023-07-31	1.0	EXACT		OFFICIAL
http://purl.obolibrary.org/obo/hp.owl	http://purl.obolibrary.org/obo/hp/releases/2023-07-21/hp.owl	en	ja	HP:0200000	rdfs:label	Dysharmonic bone age	不調和な骨年齢		2023-07-31	1.0	EXACT		OFFICIAL
http://purl.obolibrary.org/obo/hp.owl	http://purl.obolibrary.org/obo/hp/releases/2023-07-21/hp.owl	en	ja	HP:0410058	rdfs:label	Increased level of D-threitol in CSF	血清中D-スレイトール濃度の上昇		2023-07-31		EXACT		OFFICIAL
http://purl.obolibrary.org/obo/hp.owl	http://purl.obolibrary.org/obo/hp/releases/2023-07-21/hp.owl	en	ja	HP:0410071	rdfs:label	Increased level of ribitol in CSF	髄液中のリビトールの増加		2023-07-31		EXACT		OFFICIAL
http://purl.obolibrary.org/obo/hp.owl	http://purl.obolibrary.org/obo/hp/releases/2023-07-21/hp.owl	en	ja	HP:0410073	rdfs:label	Increased level of ribose in CSF	髄液中のリボースの増加		2023-07-31		EXACT		OFFICIAL
http://purl.obolibrary.org/obo/hp.owl	http://purl.obolibrary.org/obo/hp/releases/2023-07-21/hp.owl	en	ja	HP:0410075	rdfs:label	Increased level of xylitol in CSF	髄液中のキシリトール濃度の増加		2023-07-31		EXACT		OFFICIAL
http://purl.obolibrary.org/obo/hp.owl	http://purl.obolibrary.org/obo/hp/releases/2023-07-21/hp.owl	en	ja	HP:0500161	rdfs:label	Increased level of carnosine in blood	血中カルノシン濃度の上昇		2023-07-31		EXACT		OFFICIAL
http://purl.obolibrary.org/obo/hp.owl	http://purl.obolibrary.org/obo/hp/releases/2023-07-21/hp.owl	en	ja	HP:0500162	rdfs:label	Decreased level of carnosine in blood	血中カルノシン濃度の低下		2023-07-31		EXACT		OFFICIAL
http://purl.obolibrary.org/obo/hp.owl	http://purl.obolibrary.org/obo/hp/releases/2023-07-21/hp.owl	en	ja	HP:4000074	rdfs:label	Idiosyncratic language	特異言語		2023-07-31		EXACT		OFFICIAL
http://purl.obolibrary.org/obo/hp.owl	http://purl.obolibrary.org/obo/hp/releases/2023-07-21/hp.owl	en	ja	HP:4000082	rdfs:label	Reduced collaborative play	協調的な遊びの減少		2023-07-31		EXACT		OFFICIAL
http://purl.obolibrary.org/obo/hp.owl	http://purl.obolibrary.org/obo/hp/releases/2023-07-21/hp.owl	en	ja	HP:4000083	rdfs:label	Ignores peers	仲間を無視する。		2023-07-31		EXACT		OFFICIAL
http://purl.obolibrary.org/obo/hp.owl	http://purl.obolibrary.org/obo/hp/releases/2023-07-21/hp.owl	en	ja	HP:4000128	rdfs:label	Nitric oxide addiction	一酸化窒素中毒		2023-07-31		EXACT		OFFICIAL
http://purl.obolibrary.org/obo/hp.owl	http://purl.obolibrary.org/obo/hp/releases/2023-07-21/hp.owl	en	ja	HP:4000147	rdfs:label	Abnormal portal artery morphology	門脈形態異常		2023-07-31		EXACT		OFFICIAL
http://purl.obolibrary.org/obo/hp.owl	http://purl.obolibrary.org/obo/hp/releases/2023-07-21/hp.owl	en	ja	HP:4000148	rdfs:label	Portal artery hyperplasia	門脈過形成		2023-07-31		EXACT		OFFICIAL
http://purl.obolibrary.org/obo/hp.owl	http://purl.obolibrary.org/obo/hp/releases/2023-07-21/hp.owl	en	ja	HP:4000151	rdfs:label	History of recent cotralateral injury	最近の副傷病歴		2023-07-31		EXACT		OFFICIAL
http://purl.obolibrary.org/obo/hp.owl	http://purl.obolibrary.org/obo/hp/releases/2023-07-21/hp.owl	en	ja	HP:4000163	rdfs:label	Decreased phytanoyl-CoA hydroxylase activity	フィタノイル-CoA水酸化酵素活性の低下		2023-07-31		EXACT		OFFICIAL
http://purl.obolibrary.org/obo/hp.owl	http://purl.obolibrary.org/obo/hp/releases/2023-07-21/hp.owl	en	ja	HP:5200026	rdfs:label	Abnormal social imitation	社会的模倣の異常		2023-07-31		EXACT		OFFICIAL
http://purl.obolibrary.org/obo/hp.owl	http://purl.obolibrary.org/obo/hp/releases/2023-07-21/hp.owl	en	ja	HP:5200027	rdfs:label	Reduced attempt to get or direct another's attention	他者の注意を引こうとする、または向けようとする試みの減少		2023-07-31		EXACT		OFFICIAL
http://purl.obolibrary.org/obo/hp.owl	http://purl.obolibrary.org/obo/hp/releases/2023-07-21/hp.owl	en	ja	HP:5200028	rdfs:label	Reduced response to social cues	社会的合図に対する反応の減少		2023-07-31		EXACT		OFFICIAL
http://purl.obolibrary.org/obo/hp.owl	http://purl.obolibrary.org/obo/hp/releases/2023-07-21/hp.owl	en	ja	HP:5200035	rdfs:label	Reduced collaborative imaginative play	共同的な想像遊びの減少		2023-07-31		EXACT		OFFICIAL
http://purl.obolibrary.org/obo/hp.owl	http://purl.obolibrary.org/obo/hp/releases/2023-07-21/hp.owl	en	ja	HP:5200036	rdfs:label	Lack of response to verbal cues	言葉による合図に反応しない。		2023-07-31		EXACT		OFFICIAL
http://purl.obolibrary.org/obo/hp.owl	http://purl.obolibrary.org/obo/hp/releases/2023-07-21/hp.owl	en	ja	HP:5200037	rdfs:label	Reduced sympathetic expression	交感神経表現の減少		2023-07-31		EXACT		OFFICIAL
http://purl.obolibrary.org/obo/hp.owl	http://purl.obolibrary.org/obo/hp/releases/2023-07-21/hp.owl	en	ja	HP:5200053	rdfs:label	Lack of nonverbal response to verbal cues	言葉による合図に対する非言語的反応の欠如		2023-07-31		EXACT		OFFICIAL
http://purl.obolibrary.org/obo/hp.owl	http://purl.obolibrary.org/obo/hp/releases/2023-07-21/hp.owl	en	ja	HP:5200054	rdfs:label	Lack of verbal response to verbal cues	言葉による合図に対する言葉の反応の欠如		2023-07-31		EXACT		OFFICIAL
http://purl.obolibrary.org/obo/hp.owl	http://purl.obolibrary.org/obo/hp/releases/2023-07-21/hp.owl	en	ja	HP:5200068	rdfs:label	Socially innappropriate questioning	社会的に不適切な質問		2023-07-31		EXACT		OFFICIAL
http://purl.obolibrary.org/obo/hp.owl	http://purl.obolibrary.org/obo/hp/releases/2023-07-21/hp.owl	en	ja	HP:5200110	rdfs:label	Preferes being alone	一人でいることを好む。		2023-07-31		EXACT		OFFICIAL
http://purl.obolibrary.org/obo/hp.owl	http://purl.obolibrary.org/obo/hp/releases/2023-07-21/hp.owl	en	ja	HP:5200111	rdfs:label	Avoids emotional intimacy	感情的な親密さを避ける。		2023-07-31		EXACT		OFFICIAL
http://purl.obolibrary.org/obo/hp.owl	http://purl.obolibrary.org/obo/hp/releases/2023-07-21/hp.owl	en	ja	HP:5200113	rdfs:label	Offers information	情報提供		2023-07-31		EXACT		OFFICIAL
http://purl.obolibrary.org/obo/hp.owl	http://purl.obolibrary.org/obo/hp/releases/2023-07-21/hp.owl	en	ja	HP:5200120	rdfs:label	Abnormality in emotional social interactions	感情的な社会的相互作用の異常		2023-07-31		EXACT		OFFICIAL
http://purl.obolibrary.org/obo/hp.owl	http://purl.obolibrary.org/obo/hp/releases/2023-07-21/hp.owl	en	ja	HP:5200121	rdfs:label	Treats people like objects	人を物のように扱う。		2023-07-31		EXACT		OFFICIAL
http://purl.obolibrary.org/obo/hp.owl	http://purl.obolibrary.org/obo/hp/releases/2023-07-21/hp.owl	en	ja	HP:5200122	rdfs:label	Difficulty communicating ones emotions	自分の感情を伝えることが困難である。		2023-07-31		EXACT		OFFICIAL
http://purl.obolibrary.org/obo/hp.owl	http://purl.obolibrary.org/obo/hp/releases/2023-07-21/hp.owl	en	ja	HP:5200125	rdfs:label	Aggression toward others	他者に対する攻撃性		2023-07-31		EXACT		OFFICIAL
http://purl.obolibrary.org/obo/hp.owl	http://purl.obolibrary.org/obo/hp/releases/2023-07-21/hp.owl	en	ja	HP:5200126	rdfs:label	Aggression toward cargivers	養育者に対する攻撃性		2023-07-31		EXACT		OFFICIAL
http://purl.obolibrary.org/obo/hp.owl	http://purl.obolibrary.org/obo/hp/releases/2023-07-21/hp.owl	en	ja	HP:5200127	rdfs:label	Aggression toward non caregivers	非介護者に対する攻撃性		2023-07-31		EXACT		OFFICIAL
http://purl.obolibrary.org/obo/hp.owl	http://purl.obolibrary.org/obo/hp/releases/2023-07-21/hp.owl	en	ja	HP:5200135	rdfs:label	Delay in the acquisition of play skills	遊びの技能習得の遅れ		2023-07-31		EXACT		OFFICIAL
http://purl.obolibrary.org/obo/hp.owl	http://purl.obolibrary.org/obo/hp/releases/2023-07-21/hp.owl	en	ja	HP:5200137	rdfs:label	Reduced attempt to get or direct attention of peers	仲間の注意を引こうとする、あるいは引かせようとする試みの減少。		2023-07-31		EXACT		OFFICIAL
