morphology_term_id	morphology_term_label	HP ID	HP Label	Notes
EOM:8b9d29aa3e1824cb	Naris, Narrow	HP_0009933	Narrow Naris	
EOM:2cff5ac9b681fc73	Ear, Short	HP_0400005	short ear	
EOM:2028381d5c61842a	Ear, Long	HP_0400004	long ear	
EOM:5b0e213b31288acd	Ear, Focal Absence	HP_0400003	Focal absence of the external ear	
EOM:40563f1f62db2319	Concha, Extra Fold	HP_0400002	extra concha fold	
EOM:8a5493c72e0dd13c	Chin, Vertical Crease	HP_0400001	chin with vertical crease	
EOM:96d8ca16a3c80216	Chin, Tall	HP_0400000	tall chin	
EOM:451aad78795592cd	Hand, Small	HP_0200055	small hand 	
EOM:d6757353cb04ed9e	Infra-Orbital Crease	HP_0100876	Infra-Orbital Crease	
EOM:41535e8ed3dc9076	Fingers, Long	HP_0100807	Long fingers	
EOM:54f2dee42a1f9ef7	Lip Pit	HP_0100267	Lip Pit	
EOM:2d1d0cff9193cd89	Polydactyly, Mesoaxial	HP_0100260	Mesoaxial polydactyly	
EOM:a3552875bb04a6e4	Foot, Postaxial Polydactyly of	HP_0100259	Postaxial Polydactyl	
EOM:6283a01c833da3a0	Hand, Postaxial Polydactyly of	HP_0100259	Postaxial Polydactyl	
EOM:108960df1b3f13ae	Foot, Preaxial Polydactyly of	HP_0100258	Preaxial Polydactyly	
EOM:03de7eef71b03368	Hand, Preaxial Polydactyly of	HP_0100258	Preaxial Polydactyly	
EOM:3affc93ca0f45968	Satyr Ear	HP_0100015	Stahl ear	
EOM:098da66460e9ca9d	Stahl Ear	HP_0100015	Stahl Ear	
EOM:483af428f909c76c	Clinodactyly	HP_0030084	Clinodactyly	
EOM:5b823be1388221a1	Finger, Small	HP_0030033	small finger	
EOM:ebc67f029da3caac	Fingers, Splayed	HP_0030029	splayed fingers	
EOM:0629880b5850af5c	Lagophthalmos	HP_0030001	Lagopthalmos	this is a different spelling, not sure if it is the same
EOM:edd8027f8704eb10	Paranasal Tissue, Fullness	HP_0012812	Fullness of paranasal tissue	
EOM:e4f7eb8e1c23a1c8	Nasal Ridge, Wide	HP_0012811	Wide Nasal Ridge	
EOM:4a8c3cd977c27473	Nasal Base, Wide	HP_0012810	Wide Nasal Base	
EOM:fc8449da66ac70e5	Nasal Base, Narrow	HP_0012809	Narrow Nasal Base	
EOM:04895dd7ae88810b	Columella, High Insertion	HP_0012807	High insertion of columella	
EOM:771f667b2368ec93	Proboscis	HP_0012806	Proboscis	
EOM:afddaffc36a1ecda	Jaw, Broad	HP_0012802	Broad Jaw	
EOM:4e6212887b3f3f6a	Jaw, Narrow	HP_0012801	Narrow Jaw	
EOM:8ea165ff88fe04c3	Palpebral Fissure, Short	HP_0012745	Short palpebral fissure	
EOM:c70eafe652dbba67	Fingers, Cutaneous Syndactyly of	HP_0012725	Cutaneous Syndactyl	
EOM:224e1bf4e42c7ea7	Upper Eyelid, Fullness of	HP_0012724	Upper eyelid edema	
EOM:86ef7ecfa97371f2	Heel, Prominent	HP_0012428	Prominent calcaneus	
EOM:725bbe4f8afaf490	Hallux, Absent	HP_0012386	absent Hallux	
EOM:e2dc697e402380a8	Camptodactyly	HP_0012385	Camptodactyly	
EOM:5f9be10c45404a8e	Midface Prominence	HP_0012371	Midface Prominence	
EOM:602d9b30a3a57990	Cheekbone Prominence	HP_0012370	Cheekbone Prominence	
EOM:e19b32be420aa391	Face, Flat	HP_0012368	Flat face	
EOM:44f864fd10dfe496	Nasal Tip, Overhanging	HP_0011833	Overhanging Nasal Tip	
EOM:a9769c3dacf3fc83	Nasal Tip, Narrow	HP_0011832	Narrow Nasal Tip	
EOM:c43a1d5ac6da32f0	Nasal Tip, Deviated	HP_0011831	Deviated Nasal Tip	
EOM:14084d321e471f2a	Philtrum, Narrow	HP_0011829	Narrow philtrum	
EOM:6c2fb154a038ab64	Philtrum, Midline Sinus	HP_0011828	Midline sinus of philtrum	
EOM:a5201703ffd4c09f	Philtral Ridges, Malaligned	HP_0011827	Malaligned philtral ridges	
EOM:10c606d126a4db12	Philtrum, Midline Raphe	HP_0011826	Philtrum with midline raphe	
EOM:276be153ab66593d	Philtrum, Tented	HP_0011825	Tented philtrum	
EOM:96e21ae7eb9ab9ea	Chin, H-Shaped Crease	HP_0011824	Chin with H-shaped crease	
EOM:ea8a7c2160a20741	Chin, Horizontal Crease	HP_0011823	Chin with horizontal crease:	
EOM:0f587b4c5715c846	Chin, Broad	HP_0011822	Broad Chin 	
EOM:7124d8708f2360b3	Nose, Bifid	HP_0011803	Bifid Nose	
EOM:5b7ad34ab35682b5	Midface Retrusion	HP_0011800	Midface Retrusion	
EOM:f722c00da95750c1	Nail Narrow	HP_0011313	Nail Narrow	
EOM:0bb54677326f9dbc	Nails, Fused	HP_0011312	Fused Nails	
EOM:9bde4f34124865f2	Sydney Crease	HP_0011311	Sydney Crease	
EOM:104069f8c5e25a99	Palmar Crease, Bridged	HP_0011310	Bridged palmar crease	
EOM:be35bc739397ac19	Toe, Tapered	HP_0011309	Tapered toe	
EOM:7a84828f99c2a843	Toe, Slender	HP_0011308	Slender toe	
EOM:23975ade73fb0a81	Toes, Splayed	HP_0011307	Splayed toes	
EOM:93f564302b51fbea	Toe, Partial Absence of	HP_0011305	Partial absence of toe	
EOM:e97d55e4fb28e608	Thumb, Broad	HP_0011304	Broad thumb	
EOM:94298128548b28e5	Sole, Convex Contour of	HP_0011303	Convex contour of sole	
EOM:7515f487e834719e	Palm, Long	HP_0011302	Long palm	
EOM:6b026aa7c197eaf8	Foot, Absent	HP_0011301	absent foot 	
EOM:16f77f427b952855	Fingertip, Broad	HP_0011300	broad fingertip	
EOM:52e2541df69bfda8	Finger, Partial Absence of	HP_0011299	Parital absence of finger 	
EOM:bf858e24ede407d7	Digit Pad, Prominent	HP_0011298	Prominent digit pad	
EOM:8d8e657ae8008656	Tragus, Underdeveloped	HP_0011272	Underdeveloped tragus	
EOM:4032466fb3837d61	Tragus, Prominent	HP_0011271	Prominent tragus	
EOM:cd41e85adeef0480	Tragus, Duplicated	HP_0011270	Duplicated tragus	
EOM:bf4c6aa27acd1ca7	Tragus, Bifid	HP_0011269	Bifid tragus	
EOM:34e3f3a4da87632c	Tragus, Absent	HP_0011268	Absent tragus	
EOM:f2efe99ef01febfd	Microtia, Third Degree	HP_0011267	Microtia, Third Degree	
EOM:eed352567d1bb49d	Microtia, First Degree	HP_0011266	Microtia, First Degree	
EOM:beaef3498526cf08	Lobe, Cleft	HP_0011265	Cleft earlobe	i assume they mean ear lobe here?
EOM:31c9fd107dbb3883	Helix, Discontinuous Ascending Root	HP_0011264	 Discontinuous Ascending Root of helix 	
EOM:2e2cb2323a2de213	Lobe, Forward Facing	HP_0011263	Forward facing earlobe	i assume they mean ear lobe here?
EOM:15e964d58bdd017a	Helix, Crimped	HP_0011262	crimped helix 	
EOM:7c4361de824e3eff	Helix, Darwin Tubercle	HP_0011261	Darwin Tubercle of helix 	
EOM:feaa28318b6de5ad	Helix, Darwin Notch	HP_0011260	 Darwin Notch of helix 	
EOM:c60d08796de119ca	Helix, Crus, Expanded Terminal Portion	HP_0011259	Expanded terminal portion of crus of helix	
EOM:3ef4841293f9eb20	Helix, Crus, Tragal Bridge	HP_0011258	Tragal bridge of crus of helix	
EOM:8a41e86a6f4800b2	Helix, Crus, Serpiginous	HP_0011257	Serpiginous crus of helix	
EOM:1aafa0d1a123aa02	Helix, Crus, Connected to Antihelix	HP_0011256	Crus of helix connected to antihelix	
EOM:9195b436dc41552e	Helix, Crus, Absent	HP_0011255	Absent crus of helix	
EOM:714b8183c86b9984	Cryptotia	HP_0011252	Cryptotia	
EOM:f917e05590a87735	Antitragus, Underdeveloped	HP_0011251	Underdeveloped antitragus	
EOM:3ab1137ae31584e5	Antitragus, Bifid	HP_0011250	Bifid antitragus	
EOM:2233f00dc6033ef8	Antitragus, Absent	HP_0011249	Absent antitragus	
EOM:e1d4dca781e37b29	Antitragus, Everted	HP_0011248	Everted antitragus	
EOM:a89a2a6634946dc9	Antihelix, Superior Crus, Prominent	HP_0011247	Prominent superior crus of antihelix	
EOM:16fd51d9dc39d47a	Antihelix, Superior Crus, Underdeveloped	HP_0011246	Underdeveloped superior crus of antihelix	
EOM:e299d2c863f5b5ec	Antihelix, Stem, Underdeveloped	HP_0011242	Underdeveloped stem of antihelix	
EOM:9e437807a84df0c8	Antihelix, Stem, Serpiginous	HP_0011241	Serpiginous stem of antihelix	
EOM:b4494dfeaf33d120	Antihelix, Stem, Prominent	HP_0011240	Prominent stem of antihelix	
EOM:c0ed778382dbe2bc	Antihelix, Inferior Crus, Underdeveloped	HP_0011239	Underdeveloped inferior crus of antihelix	
EOM:acb283f1cdff9cc7	Antihelix, Inferior Crus, Prominent	HP_0011238	Prominent inferior crus of antihelix	
EOM:fac6ce2544250dd2	Antihelix, Inferior Crus, Broad	HP_0011237	Broad inferior crus of antihelix	
EOM:ac3e0cbecc22abdc	Antihelix, Angulated	HP_0011236	Angulated antihelix	
EOM:d27c0d21215c8bd9	Antihelix, Additional Crus	HP_0011235	Additional crus of antihelix	
EOM:b28d6dc9c4232326	Antihelix, Absent	HP_0011234	Absent antihelix	
EOM:4ea4f481ee0dc98c	Antihelical Shelf	HP_0011233	Antihelical Shelf	
EOM:bdd6176a5718545e	Infra-Orbital Fold	HP_0011232	Infra-Orbital Fold	
EOM:f14f2e7a99834f46	Eyelashes, Prominent	HP_0011231	Prominent eyelashes	
EOM:c8fe0ea0a0e1e73c	Eyebrow, Laterally Extended	HP_0011230	Laterally extended eyebrow	
EOM:b3939766d0196a62	Eyebrow, Broad	HP_0011229	Broad eyebrow	
EOM:8cf5bb1a10ac0831	Eyebrow, Horizontal	HP_0011228	Horizontal eyebrow	
EOM:0ca0ac3d52bda364	Epiblepharon	HP_0011225	Epiblepharon	
EOM:5dec14811ba250f8	Ablepharon	HP_0011224	Ablepharon	
EOM:d704aa52d376aaa5	Metopic Depression	HP_0011223	Metopic Depression	
EOM:5cd17a3776479cf0	Glabella, Depressed	HP_0011222	Depressed glabella	
EOM:0b874cf7827789ae	Forehead Creases, Vertical	HP_0011221	Vertical forehead creases	
EOM:510a51e4083c1d6f	Forehead, Prominent	HP_0011220	Prominent forehead	
EOM:2ef090892b56eb46	Face, Short	HP_0011219	Short face	
EOM:d1fbc39bb2a7200c	Nasal Ridge, Concave	HP_0011120	Concave Nasal Ridge	
EOM:f3a0d2fb178105d7	Teeth, Fused	HP_0011090	Fused teeth	
EOM:60888cccac8e54b6	Tooth, Supernumerary	HP_0011069	Increased number of teeth	
EOM:f3795f87c4abb99d	Hair Whorl, Abnormal Position	HP_0010814	Abnormal position of hair whorl	
EOM:c51cb3ba3cc2bb3d	Hair Whorl, Abnormal Number	HP_0010813	Abnormal number of hair whorls	
EOM:3a856a6cf478f138	Uvula, Short	HP_0010812	Short uvula	
EOM:13035e06c3c1d73a	Uvula, Narrow	HP_0010811	Narrow uvula	
EOM:826a4e437174b450	Uvula, Long	HP_0010810	Long uvula	
EOM:7a5d2cf40398f848	Uvula, Broad	HP_0010809	Broad uvula	
EOM:d412486c2b3e365a	Tongue, Protruding	HP_0010808	Protruding tongue	
EOM:10b2b6e5a7551847	Open Bite	HP_0010807	Open Bite	
EOM:34e1c568648c7eea	Vermilion, Upper Lip, U-Shaped	HP_0010806	U-Shaped upper lip vermilion	
EOM:ec8693737e10d7ab	Mouth, Upturned Corners of	HP_0010805	Upturned Corners of Mouth	
EOM:d7fcae8f3276b13a	Vermilion, Upper Lip, Tented	HP_0010804	Tented upper lip vermilion	
EOM:97d86f6834b60d20	Vermilion, Upper Lip, Everted	HP_0010803	Everted upper lip vermilion	
EOM:9715c0d26641b008	Perioral Hyperpigmentation	HP_0010802	Perioral Hyperpigmentation	
EOM:9270f3697f4bc7b7	Nasolabial Fold, Underdeveloped	HP_0010801	Underdeveloped Nasolabial Fold	
EOM:910cbac72b006ae2	Nasolabial Fold, Underdeveloped	HP_0010801	Underdeveloped Nasolabial Fold	
EOM:72c0a8d95e9ece54	Cupid's Bow, Absent	HP_0010800	Absent cupid's bow	
EOM:8280aa96e24e69de	Lip Freckle	HP_0010798	Lip Freckle	
EOM:3a4681f1a14ed29f	Nail, Bifid	HP_0010793	Bifid Nail	
EOM:cc6b29537c6216fb	Columella, Low Insertion	HP_0010764	Low insertion of columella	
EOM:7d4225feb7a8771b	Columella, Broad	HP_0010761	Broad columella	
EOM:d0afa3f330b8884b	Toe, Absent	HP_0010760	Absent toe	
EOM:70623e4ed8339bf7	Premaxillary Prominence	HP_0010759	Premaxillary Prominence	
EOM:c06630515fcd3211	Mandible, Cleft	HP_0010752	Cleft Mandible	
EOM:bc5eac0c32d427f2	Chin Dimple	HP_0010751	Chin Dimple	
EOM:995a2398db7eefe2	Blepharochalasis	HP_0010749	Blepharochalasis	
EOM:fc20192af0b38fd3	Lacrimal Punctum, Ectopic	HP_0010748	Ectopic Lacrimal Punctum	
EOM:fd375d522da9b13c	Metatarsal, Short	HP_0010743	Short Metatarsal	
EOM:81ce3ff78dc34290	Polydactyly, Mirror Image	HP_0010689	Mirror image polydactyly	
EOM:117a77a280a4130c	Cheekbone Underdevelopment	HP_0010669	Cheekbone Underdevelopment	
EOM:7180b5fd118178e6	Premaxillary Underdevelopment	HP_0010650	Premaxillary underdevelopment	
EOM:6356b068603280d9	Toes, Cutaneous Syndactyly of	HP_0010621	Cutaneous syndactyly of toes	
EOM:47d71c3912db226b	Malar Prominence	HP_0010620	Malar Prominence	
EOM:6d82cc5a5f23eb61	Fingers, Overlapping	HP_0010557	Overlapping fingers	
EOM:1866d0c18a469919	Toe, Long	HP_0010511	Long toe	
EOM:a09a7f91f852eeca	Digital Constriction Ring	HP_0010491	Digital Constriction Ring	
EOM:8d43bc35c52b37c0	Palmar Crease, Absent	HP_0010489	Absent palmar crease	
EOM:a11fc3b105004e89	Hypothenar Eminence, Small	HP_0010487	Small hypothenar eminence	
EOM:6742bac323d3cfe9	Tongue, Smooth	HP_0010298	Smooth tongue	
EOM:1af98064c7272d0a	Tongue, Bifid	HP_0010297	Bifid tongue	
EOM:920b3a970339ac8a	Ankyloglossia	HP_0010296	Ankyloglossia	
EOM:8b9d550b8b96c39e	Uvula, Absent	HP_0010292	Absent uvula	
EOM:de4e86bf37f3bbf1	Palatine Ridges, Prominent	HP_0010291	Prominent palatine ridges	
EOM:db6ea87e74a51c8a	Palate, Hard, Short	HP_0010290	Short hard palate	
EOM:9d6b7c2eb57b8e7c	Oral Synechia	HP_0010285	Oral synechia	
EOM:3ba03107669230ee	Hyperpigmentation, Intra-Oral	HP_0010284	Intra-oral hyperpigmentation	
EOM:83080988670111f0	Vermilion, Lower Lip, Thin	HP_0010282	Thin lower lip vermilion	
EOM:7c222af1a91aae93	Hallux, Broad	HP_0010055	broad Hallux	
EOM:a5abed7fd4057914	Metacarpal, Short	HP_0010049	Short Metacarpal	
EOM:aa1119dde9150482	Cheeks, Sunken	HP_0009938	Sunken Cheeks 	
EOM:b427f756518b51d3	Naris, Supernumerary	HP_0009934	Supernumerary Naris	
EOM:1e8864b52f21e78d	Naris, Single	HP_0009932	Single Naris	
EOM:39ebb90649f3c38a	Naris, Enlarged	HP_0009931	Enlarged Naris	
EOM:36070ca17ec736f2	Ala Nasi, Thick	HP_0009928	Thick nasal alae	is this the same thing?
EOM:c77d436cbcfcdd63	Nose, Absent	HP_0009927	Aplasia of the nose	
EOM:56588a7613afe63e	Lobe, Uplifted	HP_0009909	Uplifted earlobe	i assume they mean ear lobe here?
EOM:4d205b64e64acbe7	Lobe, Anterior Crease(s)	HP_0009908	Anterior creases of earlobe	
EOM:60cabac08fa4d9dd	Lobe, Attached	HP_0009907	Attached earlobe	i assume they mean ear lobe here?
EOM:261ee1433d167588	Helix, Cleft	HP_0009902	Cleft helix	
EOM:9f93cc26e0da17b6	Ear, Crumpled	HP_0009901	Crumpled ear	
EOM:a0ee2a626647e6be	Helix, Crus, Prominent	HP_0009899	Prominent crus of helix	
EOM:c268f54e3f240d68	Helix, Crus, Underdeveloped	HP_0009898	Underdeveloped crus of the helix	
EOM:06f08cd8cc8dd577	Helix, Crus, Horizontal	HP_0009897	Horizontal crus of helix	
EOM:8b2ea8525fbaf767	Anotia	HP_0009892	Anotia	
EOM:c86a7dfe73086e4e	Supraorbital Ridges, Underdeveloped	HP_0009891	Underdeveloped supraorbital ridges	
EOM:f635aa5bd991cae4	Hairline, High Anterior	HP_0009890	High anterior hairline	
EOM:31658d038d722e1f	Finger, Short Distal Phalanx of	HP_0009882	Short Distal Phalanx of finger 	
EOM:901e03be3fdf0a9e	Thumb, Absent	HP_0009777	Absent thumb	
EOM:23ab9760c69007ae	Adactyly	HP_0009776	Adactyly	
EOM:49acd433e354541b	Columella, Low Hanging	HP_0009765	Low hanging columella	
EOM:9aefd466e74d3204	Ankyloblepharon	HP_0009755	Ankyloblepharon	
EOM:845ab90722d28487	Fibrous Syngnathia	HP_0009754	Fibrous Syngnathia	
EOM:fbe9aaa78f2f4e2d	Lobe, Large	HP_0009748	Large earlobe	i assume they mean ear lobe here?
EOM:a0032340b8d88db2	Thumb, Partial Absence of	HP_0009659	Partial absence of thumb	
EOM:0c0cf943952f9447	Thumb, Proximal Placement of	HP_0009623	Proximal placement of thumb	
EOM:759574beb4e79282	Hand, Radial Deviation of	HP_0009486	radial deviation of the hand 	
EOM:0e9c095b575e29df	Finger, Radial Deviation of	HP_0009466	Radial deviation of finger 	
EOM:a9be81a22176edf4	Finger, Ulnar Deviation of	HP_0009465	Ulnar deviation of finger 	
EOM:1f410b8fecf151fa	Finger, Short	HP_0009381	Short finger	
EOM:3bb74018b943c188	Finger, Absent	HP_0009380	Aplasia of the fingers	
EOM:6ef36fa1dadd90f9	Alveolar Ridge Overgrowth	HP_0009085	Alveolar Ridge Overgrowth	
EOM:972ec2048ab703dd	Antitragus, Prominent	HP_0008593	Prominent antitragus	
EOM:d623f0a16c6be5cd	Helix, Underfolded	HP_0008577	Underfolded helix 	
EOM:f8b4e50bbfc985ab	Microtia, Second Degree	HP_0008569	Microtia, Second Degree	
EOM:e9f6483380074c12	Helix, Posterior Pit	HP_0008523	Posterior helix pit	
EOM:772ac515a9d807de	Toes, Widely Spaced	HP_0008094	Widely spaced toes	
EOM:5112bd7cd0e7bd8e	Palpebral Fissure, Almond-Shaped	HP_0007874	Almond-shaped palpebral fissure	
EOM:fc319ee78ad21973	Face, Prematurely Aged	HP_0007495	Prematurely aged appearance	
EOM:77725e7564f6808c	Tooth, Premature Loss	HP_0006480	Premature loss of teeth	
EOM:e271e640309491ed	Central Incisor, Single Maxillary	HP_0006315	Single median maxillary incisor	is this correct?
EOM:054a0d72d8bcc41d	Eruption, Advanced	HP_0006288	Advanced eruption of teeth	
EOM:8dd1c7fa2f120377	Palmar Crease, Deep	HP_0006191	Deep palmar crease	
EOM:f30ee27c0feba333	Palmar Creases, Decreased	HP_0006184	Decreased palmar creases	
EOM:6ab37326cc1eed1d	Metopic Ridge, Prominent	HP_0005487	Prominent Metopic Ridge	
EOM:5e0e98c91707b90a	Occiput, Flat	HP_0005469	Flat Occiput	
EOM:000fb29123c16757	Nasal Bridge, Depressed	HP_0005280	Depressed Nasal Bridge	
EOM:0f154316243118b9	Nasolabial Fold, Prominent	HP_0005272	Prominent Nasolabial Fold	
EOM:3435b3d89a17d1dc	Nasolabial Fold, Prominent	HP_0005272	Prominent Nasolabial Fold	
EOM:3e938e74b88cda32	Plantar Crease, Deep Longitudinal	HP_0004681	Deep longitudinal plantar crease	
EOM:792cfeacf93ca391	Pit, Preauricular	HP_0004467	Preauricular pit	
EOM:d60a47d140aab2a8	Palm, Narrow	HP_0004283	Narrow palm	
EOM:861854a2beef4669	Palm, Short	HP_0004279	Short palm	
EOM:b6a544966c8a6f01	Macrodactyly	HP_0004099	Macrodactyly	
EOM:727ae65037875fa9	Hand, Trident	HP_0004060	Trident abnormality	
EOM:9a12a73efb8c8e6d	Hand, Absent	HP_0004050	absent hand 	
EOM:daeb9fb85b0b970f	Nose, Short	HP_0003196	Short Nose	
EOM:4856efaad5238738	Ala Nasi, Cleft	HP_0003191	Cleft ala nasi	
EOM:170bfc5a5c12fecb	Nose, Long	HP_0003189	Long Nose	
EOM:701f27bab4ac3f92	Mouth, Downturned Corners of	HP_0002714	Downturned Corners of Mouth	
EOM:039dd7f4bd054dc6	Commissural Pit	HP_0002710	Commissural lip pit	
EOM:784956e8f2b55a24	Skull, Cloverleaf	HP_0002676	Cloverleaf skull	
EOM:58b4e59edca46f0a	Eyebrow, Highly Arched	HP_0002553	Highly arched eyebrow	
EOM:c5a9458d1caa7ef5	Frontal Balding	HP_0002292	Frontal Balding	
EOM:abb6065ac4f2f9d6	Cupid's Bow, Exaggerated	HP_0002263	Exaggerated cupid's bow	
EOM:d9938e4ead4ace7c	Hair, Frontal Upsweep	HP_0002236	Frontal upsweep of hair	
EOM:40d80f6dcc04b2c1	Scalp Hair, Sparse	HP_0002209	Sparse scalp hair	
EOM:efe02d35c10721b6	Hairline, Low Posterior	HP_0002162	Low posterior hairline	
EOM:2fe53536ce685edc	Glabella, Prominent	HP_0002057	Prominent glabella	
EOM:a223995bdef3e8d6	Frontal Bossing	HP_0002007	Frontal Bossing	
EOM:3c771454d4293f5e	Philtrum, Deep	HP_0002002	Deep philtrum	
EOM:9bf02f584f83b723	Columella, Short	HP_0002000	Short columella	
EOM:313378096d4d220e	Toe, Short Distal Phalanx of	HP_0001857	Short distal phalanx of toe	
EOM:30f338017d5cec83	Sandal Gap	HP_0001852	Sandal Gap	
EOM:14ce1a16018783f4	Toes, Overlapping	HP_0001845	Overlapping toe	
EOM:5d170a29ba8032dd	Metatarsus Adductus	HP_0001840	Metatarsus Adductus	
EOM:46679495af445c55	Foot, Split	HP_0001839	split foot 	
EOM:3b2e4adbadf6bff4	Foot, Rocker Bottom	HP_0001838	Rocker bottom foot 	
EOM:0b2aa98d4fef46c4	Toe, Broad	HP_0001837	Broad toe	
EOM:6ce5180b842edf61	Foot, Long	HP_0001833	long foot 	
EOM:990cccce54c6f32e	Toe, Short	HP_0001831	Short toe	
EOM:5418a886448cff2d	Nail, Thin	HP_0001816	Thin Nail	
EOM:f7972400d0eb84c1	Nail, Split	HP_0001809	Split Nail	
EOM:a1e42d67c7465887	Nail, Ridged	HP_0001807	Ridged Nail	
EOM:90a6f3c1605fb539	Nail, Thick	HP_0001805	Thick Nail	
EOM:a7e46325a44dd469	Nail Pits	HP_0001803	Nail Pits	
EOM:2f191de8ba67fa81	Nail, Short	HP_0001799	Short Nail	
EOM:b06081c45a5ba7a6	Nail, Hyperconvex	HP_0001795	Hyperconvex Nail	
EOM:164fef3895cda7aa	Nail, Small	HP_0001792	Small Nail	
EOM:aed43f2239e67718	Foot, Narrow	HP_0001786	Narrow foot	
EOM:860b87ff24a50048	Foot, Short	HP_0001773	short foot 	
EOM:86c3214f72d0c4e7	Foot, Broad	HP_0001769	Broad foot	
EOM:16203d96c596b06c	Hammertoe	HP_0001765	Hammertoe	
EOM:a071e7b4194e878e	Pes Planus	HP_0001763	Pes Planus	
EOM:6edfece89c0b7df3	Pes Cavus	HP_0001761	Pes Cavus	
EOM:5c4b650c35b01f6a	Nail, Concave	HP_0001598	Concave Nail	
EOM:b8258ffc2ff9d364	Macrodontia	HP_0001572	Macrodontia	
EOM:c7d8fcc2cb918096	Finger, Broad	HP_0001500	Broad finger	
EOM:325a0c57c4817952	Plagiocephaly	HP_0001357	Plagiocephaly	
EOM:94397cb38ffc70aa	Thenar Eminence, Small	HP_0001245	Small thenar eminence	
EOM:34e32e08f218cf0c	Finger, Slender	HP_0001238	Slender finger	
EOM:7983ce06c92a2901	Thumb, Hitchhiker	HP_0001234	Hitchhiker thumb	
EOM:1fbad6d7c48c6989	Clubbing	HP_0001217	Clubbing 	
EOM:eeb336af09f96ae8	Thumb, Triphalangeal	HP_0001199	Triphalangeal thumb	
EOM:fe5bb5fb9c920cdf	Hand, Ulnar Deviation of	HP_0001193	Ulnar deviation of the hand or of fingers of the hand	
EOM:7b35ab331c574d96	Hand, Clenched	HP_0001188	Hand clenching	
EOM:bd8df1e279bc6598	Finger, Tapered	HP_0001182	Tapered finger	
EOM:04c423ff6b42ca46	Thumb, Adducted	HP_0001181	Adducted thumb	
EOM:cebcbf647380bc37	Hand, Split	HP_0001171	split hand 	
EOM:f69882f3e0ffe9df	Palm, Broad	HP_0001169	Broad palm	
EOM:339585ad3ac88686	Cryptophthalmos	HP_0001126	Cryptophthalmos	
EOM:479ccad9356835fd	Lacrimal Punctum, Absence	HP_0001092	Absent lacrimal punctum	
EOM:de4b544c7ed3ad26	Palmar Crease, Single Transverse	HP_0000954	Single transverse palmar crease	
EOM:741294084e243d0a	Diastema	HP_0000699	Diastema	
EOM:c1c1c4d708172d57	Tooth, Natal	HP_0000695	Natal tooth	
EOM:384c1789373a700e	Microdontia	HP_0000691	Microdontia	
EOM:fb854d4a5b04957d	Teeth, Widely Spaced	HP_0000687	Widely spaced teeth	
EOM:78d33d68e0aba09c	Eruption, Delayed	HP_0000684	Delayed eruption of teeth:	
EOM:997c7a12a3ac4f88	Dental Crowding	HP_0000678	Dental crowding	
EOM:74e893c894584eb8	Oligodontia	HP_0000677	Oligodontia	
EOM:5e417df50b2316f4	Synophrys	HP_0000664	Synophrys	
EOM:49cad0d3ae6a54ac	Ectropion	HP_0000656	Ectropion	
EOM:c509fa22bdbdd8e0	Eyelashes, Sparse	HP_0000653	Sparse eyelashes	
EOM:7d54404e36c3ddb9	Palpebral Fissure, Long	HP_0000637	Long palpebral fissure	
EOM:dec367cb72e7cf0b	Eyelid, Cleft	HP_0000625	Cleft eyelid	
EOM:34a546ebf02511b5	Entropion	HP_0000621	Entropion	
EOM:5bfbc4ab8a8af765	Eyes, Closely Spaced	HP_0000601	Hypotelorism	
EOM:f103f00fcb26b7c4	Palpebral Fissure, Upslanted	HP_0000582	Upslanted palpebral fissure	
EOM:88ebc039bbbaef0f	Blepharophimosis	HP_0000581	Blepharophimosis	
EOM:1cb59db7a74b5a73	Eyebrow, Thick	HP_0000574	thick eyebrow	
EOM:9d425f5e9624c299	Eyelashes, Absent	HP_0000561	Absent eyelashes	
EOM:d862798b5055800d	Epicanthus Inversus	HP_0000537	Epicanthus Inversus	
EOM:e46e4f358187a32a	Eyebrow, Sparse	HP_0000535	Sparse eyebrow	
EOM:b1145bac0932da43	Eyelashes, Long	HP_0000527	Long eyelashes	
EOM:765f49f1e824f0d2	Proptosis	HP_0000520	Proptosis	
EOM:1bd157b764ec7aea	Ptosis	HP_0000508	Ptosis	
EOM:55fb0667392bab43	Telecanthus	HP_0000506	Telecanthus	
EOM:1c4dc8688933b9ef	Palpebral Fissure, Downslanted	HP_0000494	Downslanted palpebral fissures	
EOM:572ee266fb56c22a	Eye, Deeply Set	HP_0000490	Deeply set eye	
EOM:1f45b748bb5aa8fe	Neck, Broad	HP_0000475	Broad Neck	
EOM:02288646dd433c21	Nuchal Skin, Redundant	HP_0000474	Thickened nuchal skin fold	
EOM:7c963baf8e0fd48f	Neck, Long	HP_0000472	Long Neck	
EOM:c75e63fd749ec7a8	Neck, Short	HP_0000470	Short Neck	
EOM:1236af621234b150	Neck Webbing	HP_0000465	Webbed neck	
EOM:d7284223e790d7aa	Nares, Anteverted	HP_0000463	Anteverted Nares	
EOM:ae1982ac8d052e9f	Nose, Narrow	HP_0000460	Narrow Nose	
EOM:d63325b1b95d9849	Nasal Ridge, Depressed	HP_0000457	Depressed Nasal Ridge	
EOM:55d70204f2c9fd1c	Nasal Tip, Bifid	HP_0000456	Bifid Nasal Tip	
EOM:5b055d842e77449b	Nasal Tip, Broad	HP_0000455	Broad Nasal Tip	
EOM:2d1e9bde1c9154c4	Nose, Prominent	HP_0000448	Prominent Nose	
EOM:87f7fd4185cf006d	Nasal Bridge, Narrow	HP_0000446	Narrow Nasal Bridge	
EOM:46d19037adf1a435	Nose, Wide	HP_0000445	Wide Nose	
EOM:828a352227deae4b	Nasal Ridge, Convex	HP_0000444	Convex Nasal Ridge	
EOM:ee92e98f413cf56f	Nasal Tip, Depressed	HP_0000437	Depressed Nasal Tip	
EOM:e29866db35162165	Nasal Bridge, Wide	HP_0000431	Wide Nasal Bridge	
EOM:c1129f687f9243b5	Ala Nasi, Underdeveloped	HP_0000430	Underdeveloped nasal alae	is this the same thing?
EOM:a7571049e570041c	Nasal Bridge, Prominent	HP_0000426	Prominent Nasal Bridge	
EOM:506b9fe34efcb05f	Nasal Ridge, Narrow	HP_0000418	Narrow Nasal Ridge	
EOM:042e23a2026636c8	Nose, Bulbous	HP_0000414	Bulbous Nose	
EOM:2dfb8b544358ccda	Ear, Protruding	HP_0000411	Protruding ear	
EOM:bcae562c3c8c1479	Macrotia	HP_0000400	Macrotia	
EOM:77bdc627bdaf29d3	Helix, Overfolded	HP_0000396	Overfolded helix 	
EOM:b03dbc6169755a51	Lop Ear	HP_0000394	Lop Ear	
EOM:840bb56a627f1475	Lobe, Absent	HP_0000387	Absent earlobe	not sure if this is the same?
EOM:78a1f63d1b14a563	Lobe, Small	HP_0000385	Small earlobe	i assume they mean ear lobe here?
EOM:f970afa16e397ece	Tag, Preauricular	HP_0000384	Preauricular skin tag	
EOM:f80f8a26dad490c9	Ear, Cupped	HP_0000378	Cupped ear	
EOM:8dfc06784a55ff7b	Ear, Low-Set	HP_0000369	Low-set ears	
EOM:d6850b6df27359e2	Ear, Posterior Angulation, Increased	HP_0000358	Posteriorly rotated ears	
EOM:b1adb2541073344c	Widow's Peak	HP_0000349	Widow's Peak	
EOM:8bbf61b4ad7ca2ef	Micrognathia	HP_0000347	Micrognathia	
EOM:e1d74175c310388d	Philtrum, Long	HP_0000343	Long philtrum	
EOM:03f02219fe5521b4	Forehead, Narrow	HP_0000341	 Narrow forehead	
EOM:913a7d5a25c24e6a	Forehead, Sloping	HP_0000340	Sloping forehead	
EOM:e27b1d4633855d08	Forehead, Broad	HP_0000337	Broad forehead	
EOM:16234cebbb88b8c2	Supraorbital Ridges, Prominent	HP_0000336	Prominent supraorbital ridges	
EOM:2fd642c0ef7883ca	Chin, Short	HP_0000331	Short chin	
EOM:6f437512a502776b	Face, Triangular	HP_0000325	Triangular face	
EOM:7d7813d2713bd4d2	Philtrum, Short	HP_0000322	Short philtrum	
EOM:7a6e82e75df86f9d	Face, Square	HP_0000321	Square face	
EOM:3abca500a8f1872a	Philtrum, Smooth	HP_0000319	Smooth philtrum	
EOM:71d9f1be67c7f8b6	Eyes, Widely Spaced	HP_0000316	Hypertelorism	
EOM:a98d48239172dc71	Face, Round	HP_0000311	Round face	
EOM:7c4085d40e70f0c9	Chin, Pointed	HP_0000307	Pointed chin	
EOM:cf3eb35245d52feb	Prognathism	HP_0000303	Mandibular prognathia	
EOM:a721679fe5a27645	Face, Expressionless	HP_0000298	Mask-like facies	
EOM:ada1c15be8b6ddc9	Face, Hypotonic	HP_0000297	Facial hypotonia	
EOM:371fa772c36e1ca9	Hairline, Low Anterior	HP_0000294	Low anterior hairline	
EOM:265070c5a30104ac	Cheeks, Full	HP_0000293	Full Cheeks 	
EOM:1fdb03ff8bb336d0	Philtrum, Broad	HP_0000289	Broad philtrum	
EOM:8b4ac9cc8a79aa3e	Epicanthus	HP_0000286	Epicanthus	
EOM:9c34de05a3d5ffec	Face, Broad	HP_0000283	Broad face	
EOM:39ff7c97ca920a5d	Face, Coarse	HP_0000280	Coarse facial features	
EOM:588f04d3f1b40b25	Retrognathia	HP_0000278	Retrognathia	
EOM:811c4c37ac5a130b	Face, Long	HP_0000276	Long face	
EOM:1060dfda8a77d225	Face, Narrow	HP_0000275	Narrow face	
EOM:1fdc702bb7e103ee	Face, Small	HP_0000274	Small face	
EOM:81db216382f501fc	Malar Flattening	HP_0000272	Malar Flattening	
EOM:be559f6b4bd52c20	Occiput, Prominent	HP_0000269	Prominent Occiput	
EOM:e09c1185a1ef3e38	Dolichocephaly	HP_0000268	Dolichocephaly	
EOM:b1c6362251bad427	Turricephaly	HP_0000262	Turricephaly	
EOM:1d53660e657259f0	Macrocephaly	HP_0000256	Macrocephaly	
EOM:8ae2118220c1308f	Microcephaly	HP_0000252	Microcephaly	
EOM:babe3e4648eac88a	Brachycephaly	HP_0000248	Brachycephaly	
EOM:46937dc619ed9c29	Trigonocephaly	HP_0000243	Trigonocephaly	
EOM:7a571bf428560137	Vermilion, Lower Lip, Everted	HP_0000232	Everted lower lip vermilion	
EOM:97b601adeb79955a	Tongue, Furrowed	HP_0000221	Furrowed tongue	
EOM:a5293d97f7bfc31c	Vermilion, Upper Lip, Thin	HP_0000219	Thin upper lip vermilion	
EOM:51755789482fe3a8	Palate, High	HP_0000218	High palate	
EOM:e6ac74e7bedf0e51	Vermilion, Upper Lip, Thick	HP_0000215	Thick upper lip vermilion	
EOM:b4c5a697fbc5e871	Gingival Overgrowth	HP_0000212	Gingival Overgrowth	
EOM:89bbddff1c94bf45	Uvula, Cleft	HP_0000193	Bifid uvula	
EOM:57fbd034f7a61e60	Oral Frenulum, Accessory	HP_0000191	Accessory oral frenulum	
EOM:70a0a128965515c4	Palate, Narrow	HP_0000189	Narrow palate	
EOM:f273ff393ebab6af	Tongue, Lobulated	HP_0000180	Lobulated tongue	
EOM:ec0d200ae22ef2dc	Vermilion, Lower Lip, Thick	HP_0000179	Thick lower lip vermilion	
EOM:30b9e9da9758d9d7	Palate, Submucous Cleft	HP_0000176	Submucous cleft hard palate	
EOM:e801e8c7a523ec7f	Tongue, Small	HP_0000171	Microglossia	
EOM:ddc1a2c7e23644e8	Glossoptosis	HP_0000162	Glossoptosis	
EOM:dbaf4cd806daeacb	Mouth, Narrow	HP_0000160	Narrow Mouth	
EOM:9638e4ba815e5908	Tongue, Large	HP_0000158	Macroglossia	
EOM:a6a2d57a281ead72	Mouth, Wide	HP_0000154	Wide Mouth	
EOM:01f3cc71dd4c3b9d	Foot, Osseous Syndactyly of	HP_0010717	Osseous syndactyly of the toes	i think that the term def at EOM is actually about the toes, not the feet as a whole
EOM:6a2c173d3d7e3219	Foot, Partial Absence of	HP_0030032	Partial absence of foot	
EOM:6058e1a1964f9cb8	Hand, Osseous Syndactyly of	HP_0010492	Osseous syndactyly of the fingers	i think that the term def at EOM is actually about the fingers, not the hand as a whole
EOM:ddce48fcd9ee46f4	Helix, Squared Superior Portion	HP_0030026	Squared Superior Portion Helix	
EOM:73e4e8bb2eec316d	Nasal Cartilage, Absent	HP_0030028	Absent nasal cartilage	
EOM:1fe5d46deac24493	Pit, Auricular	HP_0030025	Auricular pit	
EOM:095679c21044c851	Pretragal Ectopia	HP_0030024	Pretragal Ectopia	
EOM:193d1645eb4eced8	Quelprud Nodule	HP_0030023	Quelprud Nodule	
EOM:cffbc3de49dbb172	Question Mark Ear	HP_0030022	Question Mark Ear	
EOM:603438e0616f4f69	Ray, Absent	HP_0030030	absent ray	
EOM:ae27d9699faef13a	Shell Ear	HP_0008569	Microtia, second degree	
EOM:1b6d89bad30b8f18	Tag, Auricular	HP_0030021	Auricular tag	
EOM:4d06c726e63758c5	Toe, Small	HP_0030031	small toe	