?term	?label	?definition	?xrefs	?synonyms
<http://purl.obolibrary.org/obo/HP_5000039>	"Anti-Zic4 antibody positivity"	"The presence of autoantibodies (immunoglobulins) in the blood circulation that react against Zic family member 4 (ZIC4)."	"PMID:32087460|PMID:31533147|PMID:29525731|PMID:29249374"	
<http://purl.obolibrary.org/obo/HP_0034089>	"Anti-B23 antibody positivity"	"The presence of autoantibodies (immunoglobulins) in the blood circulation that react against B23."	"PMID:30316987"	
<http://purl.obolibrary.org/obo/HP_0034022>	"Anti-HLA-B antibody positivity"	"The presence of autoantibodies (immunoglobulins) in the blood circulation that react against a human leukocyte antigen-B (HLA-B)."		
<http://purl.obolibrary.org/obo/HP_0033561>	"Anti-bactericidal/permeability-increasing protein antibody positivity"	"The presence of autoantibodies in the blood circulation that react against bactericidal/permeability-increasing protein (BPI). BPI is an endotoxin-binding host protein with important antibacterial effects against Gram-negative bacteria, such as Pseudomonas aeruginosa. BPI is a 55 kDalton protein that is most abundant in the azurophilic granules of neutrophils. BPI also acts as a target antigen for antineutrophil cytoplasmic autoantibodies."	"PMID:31508255"	"Anti-BPI antibody positivity"
<http://purl.obolibrary.org/obo/HP_6000351>	"Anti-coagulation factor antibody positivity"	"The presence of an antibody in the blood circulation that is directed against a coagulation factor."		
<http://purl.obolibrary.org/obo/HP_0033575>	"Anti-H2A antibody positivity"	"The presence of autoantibodies in the blood circulation that react against histone H2A."		
<http://purl.obolibrary.org/obo/HP_0034138>	"Anti-contactin-associated protein 1 antibody positivity"	"The presence of autoantibodies (immunoglobulins) in the blood circulation that react against anti-contactin-associated protein 1."	"PMID:32266541"	"Anti-CASPR1 antibody positivity"
<http://purl.obolibrary.org/obo/HP_0034076>	"Anti-ribosome Po antibody positivity"	"The presence of autoantibodies (immunoglobulins) in the blood circulation that react against ribosome Po."	"PMID:25815344|PMID:14645862"	
<http://purl.obolibrary.org/obo/HP_5000033>	"Anti-SOX1 antibody"	"The presence of autoantibodies (immunoglobulins) in the blood circulation that react against SOX1. Anti-SOX1 antibodies, also known as antiglial nuclear antibody (AGNA), are specifically found in paraneoplastic neurological disorders. Since SOX1 is expressed in neuronal precursor cells in the developing central nervous system, it has been used as an early marker of neural stem cells."	"PMID:32103919|PMID:19667272"	"Anti-Sry-like high mobility group box (SOX) 1 antibody"
<http://purl.obolibrary.org/obo/HP_0032492>	"Anti-myelin oligodendrocyte glycoprotein antibody positivity"	"Presence of antibodies in the serum that react against myelin oligodendrocyte glycoprotein."	"PMID:28533781"	"Anti-MOG antibody positivity"
<http://purl.obolibrary.org/obo/HP_0025329>	"Anti-glutamic acid decarboxylase antibody positivity"@en	"The presence of autoantibodies (immunoglobulins) in the serum that react against glutamic acid decarboxylase."	"PMID:27356651"	"Anti-GAD antibody positivity"
<http://purl.obolibrary.org/obo/HP_0030873>	"Anti-centromere antibody positivity"	"The presence of autoantibodies (immunoglobulins) in the serum that react against the centromeres or centromere components."	"PMID:31858335|PMID:17444587"	"Anticentromere antibody positivity|ACA positivity"
<http://purl.obolibrary.org/obo/HP_0032069>	"Anti-thyroglobulin antibody positivity"	"The presence of autoantibodies (immunoglobulins) in the serum that react to thyroglobulin."	"PMID:34634575|PMID:33999913|PMID:33144894|PMID:21196203"	"TgAbs|Anti-thyroid globulin antibody positivity"
<http://purl.obolibrary.org/obo/HP_5000004>	"Anti-CARP VIII antibody"	"The presence of autoantibodies (immunoglobulins) in the blood circulation that react against Carbonic anhydrase-related protein VIII (CARPVIII)."	"PMID:26377085|PMID:23568983"	"Anti-carbonic anhydrase-related protein VIII antibody|Anti CARPVIII antibody"
<http://purl.obolibrary.org/obo/HP_0034061>	"Anti-steroid 17alpha-hydroxylase antibody positivity"	"The presence of autoantibodies (immunoglobulins) in the serum that react against steroid 17alpha-hydroxylase."	"PMID:9030872"	"Anti-P450C17"
<http://purl.obolibrary.org/obo/HP_0034024>	"Anti-HLA-B IgG3 antibody positivity"	"The presence of IgG3 autoantibodies in the blood circulation that react against a human leukocyte antigen-B (HLA-B)."		
<http://purl.obolibrary.org/obo/HP_0034139>	"Anti-SUMO-activating enzyme antibody positivity"	"The presence of autoantibodies (immunoglobulins) in the blood circulation that react against SAE."	"PMID:33343724"	"Anti-small ubiquitin-like modifier-1 activating enzyme antibody positivity|Anti-SAE antibody positivity"
<http://purl.obolibrary.org/obo/HP_0020151>	"Anti-dsDNA antibody positivity"	"The presence of autoantibodies (immunoglobulins) in the serum that react against double-stranded DNA."	"PMID:15804704"	
<http://purl.obolibrary.org/obo/HP_5000032>	"Anti-SEZ6L2 antibody"	"The presence of autoantibodies (immunoglobulins) in the blood circulation that react against seizure-related 6 homolog like 2 (SEZ6L2)."	"PMID:33144342"	
<http://purl.obolibrary.org/obo/HP_0034069>	"Anti-parotid secretory protein antibody positivity"	"The presence of autoantibodies (immunoglobulins) in the serum that react against parotid secretory protein."	"PMID:34249010"	"Anti-PSP antibody positivity"
<http://purl.obolibrary.org/obo/HP_0033040>	"Anti-Sm antibody positivity"	"The presence of autoantibodies in the serum that react to seven proteins that consist of a core of small nuclear ribonucleoprotein (snRNP) particles."	"PMID:31552434"	"Anti-Smith autoantibody"
<http://purl.obolibrary.org/obo/HP_0034096>	"Anti-phosphatidic acid antibody positivity"	"The presence of autoantibodies (immunoglobulins) in the blood circulation that react against phosphatidic acid."	"PMID:30868842"	
<http://purl.obolibrary.org/obo/HP_4000020>	"Anti-BP180 antibody positivity"	"The presence of autoantibodies (immunoglobulins) in the serum that react against BP180."	"PMID:32048350"	
<http://purl.obolibrary.org/obo/HP_0033030>	"Anti-glomerular basement membrane-antibody positivity"	"The presence of autoantibodies in the serum that react to the glomerular basement membrane."	"PMID:20660402"	"Anti-GBM-antibody positivity"
<http://purl.obolibrary.org/obo/HP_0034132>	"Anti-GM2 antibody positivity"	"The presence of autoantibodies (immunoglobulins) in the blood circulation that react against ganglioside GM2."	"PMID:31522790"	
<http://purl.obolibrary.org/obo/HP_5000023>	"Anti-Ma1 antibody positivity"	"The presence of autoantibodies (immunoglobulins) in the blood circulation that react against Ma1."	"PMID:27460184|PMID:15179063"	
<http://purl.obolibrary.org/obo/HP_4000019>	"Anti-BP230 antibody positivity"	"The presence of autoantibodies (immunoglobulins) in the serum that react against BP230."	"PMID:32048350"	
<http://purl.obolibrary.org/obo/HP_4000029>	"Antigliadin antibody positivity"	"The presence of autoantibodies (immunoglobulins) in the serum that react against gliadin."	"PMID:24052912"	"AGA autoantibodies"
<http://purl.obolibrary.org/obo/HP_5000002>	"Anti-Amphiphysin antibody"	"The presence of autoantibodies (immunoglobulins) in the blood circulation that react against Amphiphysin."	"PMID:33173498|PMID:32087460|PMID:31624089|PMID:27773907|PMID:20420178"	
<http://purl.obolibrary.org/obo/HP_0034123>	"Anti-GQ1b IgM antibody positivity"	"The presence of IgM autoantibodies (immunoglobulins) in the blood circulation that react against ganglioside Q1b."	"PMID:24829594"	
<http://purl.obolibrary.org/obo/HP_6000186>	"Anti-soluble liver antigen/liver pancreas antibody positivity"	"The presence of autoantibodies (immunoglobulins) in the blood circulation that react against soluble liver antigen."	"PMID:19302185"	"Anti-SLA/LP"
<http://purl.obolibrary.org/obo/HP_0032229>	"Perinuclear antineutrophil antibody positivity"	"The presence of autoantibodies in the serum that react against proteins predominantly expressed in perinuclear region of neutrophils."	"PMID:28661185|PMID:27481040|PMID:24854381"	"p-ANCA positivity"
<http://purl.obolibrary.org/obo/HP_5000036>	"Anti-TRIM9/TRIM67 antibody"	"The presence of autoantibodies (immunoglobulins) in the blood circulation that react against TRIM9/TRIM67."	"PMID:30350014"	
<http://purl.obolibrary.org/obo/HP_0034137>	"Anti-contactin-1 antibody positivity"	"The presence of autoantibodies (immunoglobulins) in the blood circulation that react against CNTN1."	"PMID:34675937|PMID:32266541"	"Anti-CNTN1 antibody positivity"
<http://purl.obolibrary.org/obo/HP_0033573>	"Anti-H4 antibody positivity"	"The presence of autoantibodies in the blood circulation that react against histone H4."		
<http://purl.obolibrary.org/obo/HP_0033593>	"Anti-H2A-H2B antibody positivity"	"The presence of autoantibodies in the blood circulation that react against the H2A-H2B histone dimer."	"PMID:7986226"	
<http://purl.obolibrary.org/obo/HP_0034023>	"Anti-HLA-B IgG1 antibody positivity"	"The presence of IgG1 autoantibodies in the blood circulation that react against a human leukocyte antigen-B (HLA-B)."		
<http://purl.obolibrary.org/obo/HP_0034189>	"Anti-thyroid-stimulating hormone receptor antibody positivity"	"The presence of autoantibodies (immunoglobulins) in the serum that react against thyroid-stimulating hormone."	"PMID:26293122|PMID:30224035|PMID:32459722|PMID:3018097|PMID:10874533"	"TRAbs|Anti-thyrotropin receptor antibody|Anti-TSH receptor antibody positivity"
<http://purl.obolibrary.org/obo/HP_0034100>	"Anti-phosphatidyl serine antibody positivity"	"The presence of autoantibodies (immunoglobulins) in the blood circulation that react against phosphatidyl serine."	"PMID:26563139"	
<http://purl.obolibrary.org/obo/HP_0032264>	"Anti-NMDA receptor antibody positivity"	"The presence of autoantibodies (immunoglobulins) in the serum that react against the NMDA (N-methyl-D-aspartate)-type glutamate receptor."	"PMID:24729779"	"Presence of anti-NMDAR antibody in blood|Presence of anti-N-methyl-D-aspartate Receptor antibody in blood"
<http://purl.obolibrary.org/obo/HP_0032376>	"Anti-beta 2 glycoprotein I antibody positivity"	"Presence of antibodies against beta 2 glycoprotein I in the circulation. Beta-2 glycoprotein I (beta2GPI) is the principal target of autoantibodies in the antiphospholipid syndrome (APS)."	"PMID:28105326"	"Anti-B2GPI positivity"
<http://purl.obolibrary.org/obo/HP_0020137>	"Anticardiolipin IgM antibody positivity"	"The presence of circulating IgM autoantibodies to cardiolipin."	"PMID:30256771"	
<http://purl.obolibrary.org/obo/HP_5000011>	"Anti-GAD65 antibody"	"The presence of autoantibodies (immunoglobulins) in the blood circulation that react against glutamic acid decarboxylase 65 (GAD65)."	"PMID:32123047|PMID:32087461|PMID:30343467"	"Anti-glutamic acid decarboxylase 65 antibody"
<http://purl.obolibrary.org/obo/HP_0033572>	"Anti-H1 antibody positivity"	"The presence of autoantibodies in the blood circulation that react against histone H1."		
<http://purl.obolibrary.org/obo/HP_4000028>	"Anti-LABD97 antibody positivity"	"The presence of autoantibodies (immunoglobulins) in the serum that react against LABD97, which is structurally identical to a portion of the extracellular domain of BPAg2. BPAg2, a 180 kDa bullous pemphigoid antigen, is a transmembrane protein important for basement membrane cohesion."	"PMID:11180014"	
<http://purl.obolibrary.org/obo/HP_0034002>	"Anti-phospholipase A2 receptor antibody positivity"	"The presence of autoantibodies (immunoglobulins) in the blood circulation that react against the phospholipase A2 receptor."	"PMID:34277215|PMID:34169209"	"Anti-PLA2R antibody positivity"
<http://purl.obolibrary.org/obo/HP_0034149>	"Anti-phenylalanyl tRNA synthetase antibody positivity"	"The presence of autoantibodies (immunoglobulins) in the blood circulation that react against phenylalanyl tRNA synthetase."	"PMID:31665469"	"Phenylanyl-t-RNA synthetase alpha antibody positivity|Anti-Zo antibody positivity|Anti-Zo alpha antibody positivity"
<http://purl.obolibrary.org/obo/HP_0034019>	"Anti-HLA-A antibody positivity"	"The presence of autoantibodies (immunoglobulins) in the blood circulation that react against a human leukocyte antigen-A (HLA-A)."		
<http://purl.obolibrary.org/obo/HP_0034080>	"Anti-U3 RNP antibody positivity"	"The presence of autoantibodies (immunoglobulins) in the blood circulation that react against U3 RNP."	"PMID:34207757"	"Anti-fibrillarin antibody positivity"
<http://purl.obolibrary.org/obo/HP_6000343>	"Antiparietal cell antibody positivity"	"The presence of autoantibodies (immunoglobulins) in the serum that react against parietal cell antigens."	"PMID:34913949"	
<http://purl.obolibrary.org/obo/HP_5000017>	"Anti-Iglon5 antibody"	"The presence of autoantibodies (immunoglobulins) in the blood circulation that react against immunoglobulin-like cell adhesion molecule 5 (IgLON5)."	"PMID:30694925|PMID:28381508|PMID:27299786"	"Anti-immunoglobulin-like cell adhesion molecule 5 antibody"
<http://purl.obolibrary.org/obo/HP_0034156>	"Anti-beta-2-Glycoprotein I IgG antibody positivity"	"Presence of IgG antibodies against beta 2 glycoprotein I in the circulation. Beta-2 glycoprotein I (beta2GPI) is the principal target of autoantibodies in the antiphospholipid syndrome."	"PMID:34218350|PMID:33957795"	"Anti-beta2GPI IgG antibody positivity"
<http://purl.obolibrary.org/obo/HP_0034097>	"Anti-phosphatidyl choline antibody positivity"	"The presence of autoantibodies (immunoglobulins) in the blood circulation that react against phosphatidyl choline."	"PMID:31354742"	
<http://purl.obolibrary.org/obo/HP_5000030>	"Anti-Ri antibody"	"The presence of autoantibodies (immunoglobulins) in the blood circulation that react against Ri, an antineuronal antibody."	"PMID:32170042|PMID:29332416|PMID:15179063"	"Anti-ANNA-2 antibody"
<http://purl.obolibrary.org/obo/HP_5000044>	"Anti-GluK2 antibody"	"The presence of autoantibodies (immunoglobulins) in the blood circulation that react against glutamate kainate receptor subunit 2 (GluK2)."	"PMID:33949707"	"Anti-glutamate kainate receptor subunit 2 antibody"
<http://purl.obolibrary.org/obo/HP_6000188>	"Antisperm antibody positivity"	"The presence of autoantibodies (immunoglobulins) in the serum that react against sperm antigens."	"PMID:31527552"	
<http://purl.obolibrary.org/obo/HP_5000010>	"Anti-GABA(B)R antibody"	"The presence of autoantibodies (immunoglobulins) in the blood circulation that react against gamma-aminobutyric acid B receptor, i.e., GABA(B)R."	"PMID:32783406|PMID:32710704|PMID:32103919"	"Anti-gamma-aminobutyric acid B receptor antibody"
<http://purl.obolibrary.org/obo/HP_0032235>	"Anti-La/SS-B antibody positivity"	"The presence of autoantibodies in the blood circulation that react against La/SSB autoantigens."	"PMID:27431345|PMID:15804706"	
<http://purl.obolibrary.org/obo/HP_5000000>	"Anti-AK5 antibody positivity"	"The presence of autoantibodies (immunoglobulins) in the blood circulation that react against anti-adenylate kinase 5 (AK5)."	"PMID:33843981|PMID:28062719"	
<http://purl.obolibrary.org/obo/HP_0033576>	"Anti-H2B antibody positivity"	"The presence of autoantibodies in the blood circulation that react against histone H2B."		
<http://purl.obolibrary.org/obo/HP_0034098>	"Anti-phosphatidyl glycerol antibody positivity"	"The presence of autoantibodies (immunoglobulins) in the blood circulation that react against phosphatidyl glycerol."	"PMID:26563139"	
<http://purl.obolibrary.org/obo/HP_0025343>	"Lupus anticoagulant"@en	"Presence of lupus anticoagulant (LA) autoantibodies. LA represent a heterogeneous group of autoantibodies, IgG, IgM, or a mixture of both classes, that interfere with standard phospholipid-based coagulant tests (this is only an in vitro phenomenon, LA do not cause reduction of coagulation in vivo). The antibodies are directed against plasma proteins which also bind to phospholipid surfaces."	"PMID:27331311"	
<http://purl.obolibrary.org/obo/HP_0030208>	"Anti-acetylcholine receptor antibody positivity"	"The presence of autoantibodies (immunoglobulins) in the blood circulation that react against ganglioside-monosialic acid (GM1), which is a type of glycosphingolipid with one sialic acid. GM1 is located on the outer layer of the plasma membrane, and plays a vital role in neurogenesis, nerve development, differentiation and repair after injury."		"Anti-AChR antibody positivity|Acetylcholine receptor antibody positivity"
<http://purl.obolibrary.org/obo/HP_0034158>	"Anti-tyrosine phosphatase region of islet antigen-2 antibody positivity"	"The presence of autoantibodies (immunoglobulins) in the serum that react against the tyrosine phossphatase region of islet antigen 2A (this region is a specific part of IA-2). Usually IA-2A are measured using the intracellular portion of IA-2 (IA-2ic) made up of the protein tyrosine phosphatase (PTP) and juxtamembrane (JM) regions."	"PMID:22966073"	"Anti-PTPA antibody positivity"
<http://purl.obolibrary.org/obo/HP_0034095>	"Anti-endothelin-1 type A receptor antibody positivity"	"The presence of autoantibodies (immunoglobulins) in the blood circulation that react against endothelin-1 type A receptor."	"PMID:28749191"	"Anti-ETAR antibody positivity"
<http://purl.obolibrary.org/obo/HP_0034064>	"Anti-salivary protein antibody positivity"	"The presence of autoantibodies (immunoglobulins) in the serum that react against salivary protein."	"PMID:34249010"	"Anti-SP1 antibody positivity"
<http://purl.obolibrary.org/obo/HP_0034125>	"Anti-GD1b IgM antibody positivity"	"The presence of IgM autoantibodies (immunoglobulins) in the blood circulation that react against GD1b ganglioside."	"PMID:31837178"	
<http://purl.obolibrary.org/obo/HP_5000003>	"Anti-ARHGAP26 antibody"	"The presence of autoantibodies (immunoglobulins) in the blood circulation that react against Rho GTPase-activating protein 26 (ARHGAP26)."	"PMID:30158896|PMID:28601293|PMID:26298328"	"Anti-RhoGTPase-activating protein 26 antibody|Anti-Ca antibody"
<http://purl.obolibrary.org/obo/HP_0034083>	"Anti-nucleolus-organizing region antibody positivity"	"The presence of autoantibodies (immunoglobulins) in the blood circulation that react against Nor90."	"PMID:28749191"	"Anti-Nor90 antibody positivity"
<http://purl.obolibrary.org/obo/HP_0002923>	"Rheumatoid factor positive"	"The presence in the serum of an autoantibody directed against the Fc portion of IgG."		
<http://purl.obolibrary.org/obo/HP_0034094>	"Anti-angiotensin receptor type-1 antibody positivity"	"The presence of autoantibodies (immunoglobulins) in the blood circulation that react against angiotensin receptor type-1."	"PMID:28749191"	"Anti-AT1R antibody positivity"
<http://purl.obolibrary.org/obo/HP_5000043>	"Anti-D2 R antibody"	"The presence of autoantibodies (immunoglobulins) in the blood circulation that react against dopamine-2 receptor."	"PMID:32612568|PMID:27299786"	"Anti-dopamine-2 receptors (D2R) antibody"
<http://purl.obolibrary.org/obo/HP_0034115>	"Anti-Kelch like protein 12 antibody positivity"	"The presence of autoantibodies (immunoglobulins) in the blood circulation that react against Kelch like protein 12."	"PMID:29554146"	"Anti-KLHL-12 antibody positivity"
<http://purl.obolibrary.org/obo/HP_4000171>	"Anti-voltage-gated potassium channel antibody positivity"@en	"The presence of autoantibodies (immunoglobulins) in the serum that react against a voltage-gated potassium channel."	"PMID:20816272"	"Voltage gated potassium channel antibodies in blood"
<http://purl.obolibrary.org/obo/HP_0003262>	"Anti-smooth muscle antibody positivity"	"The presence in serum of antibodies against smooth muscle."		"Anti-smooth muscle antibody positivity|Smooth muscle antibody positive|Smooth muscle antibody positivity"
<http://purl.obolibrary.org/obo/HP_0034136>	"Anti-neurofascin 186 antibody positivity"	"The presence of autoantibodies (immunoglobulins) in the blood circulation that react against NF186."	"PMID:33723708|PMID:32266541"	"Anti-NF186 antibody positivity"
<http://purl.obolibrary.org/obo/HP_0033033>	"Anti-MDA5 antibody positivity"	"The presence of autoantibodies in the serum that react to Anti-MDA5 (Anti-melanoma differentiation-associated proteine 5)."	"PMID:32270621"	"Increased level of anti-melanoma differentiation-associated protein 5 antibodies"
<http://purl.obolibrary.org/obo/HP_0034082>	"Anti-bicaudal D2 antibody positivity"	"The presence of autoantibodies (immunoglobulins) in the blood circulation that react against bicaudal D2."	"PMID:29369808"	"Anti-BICD2 antibody positivity"
<http://purl.obolibrary.org/obo/HP_0034068>	"Anti-plasminogen binding peptide antibody positivity"	"The presence of autoantibodies (immunoglobulins) in the serum that react against plasminogen binding peptide."	"PMID:30075546"	"Anti-PBP antibody positivity"
<http://purl.obolibrary.org/obo/HP_5000042>	"Anti-Sj/ITPR1 antibody"	"The presence of autoantibodies (immunoglobulins) in the blood circulation that react against Sj/inositol 1,4,5-trisphosphate receptor."	"PMID:26377085|PMID:23568983"	"Anti-Sj/inositol 1,4,5-trisphosphate receptor antibody"
<http://purl.obolibrary.org/obo/HP_0034086>	"Anti-PM-Scl75 antibody positivity"	"The presence of autoantibodies (immunoglobulins) in the blood circulation that react against PM-Scl75."	"PMID:28749191"	
<http://purl.obolibrary.org/obo/HP_6000347>	"Anti-NR2A antibody positivity"	"The presence of autoantibodies (immunoglobulins) in the blood circulation that react against the N-Methyl-D-aspartate (NMDA) receptor NR2A subunit."	"PMID:28154472"	
<http://purl.obolibrary.org/obo/HP_4000030>	"Anti-reticulin antibody positivity"	"The presence of autoantibodies (immunoglobulins) in the serum that react against reticulin."	"PMID:23365209"	
<http://purl.obolibrary.org/obo/HP_0034145>	"Anti-alanyl-tRNA synthetase antibody positivity"	"The presence of autoantibodies (immunoglobulins) in the blood circulation that react against alanyl-tRNA synthetase."	"PMID:33343724"	"Anti-PL-12 antibody positivity"
<http://purl.obolibrary.org/obo/HP_0034084>	"Anti-phosphatidyl ethanolamine antibody positivity"	"The presence of autoantibodies (immunoglobulins) in the blood circulation that react against phosphatidyl ethanolamine."	"PMID:22796282"	
<http://purl.obolibrary.org/obo/HP_5000005>	"Anti-CASPR2"	"The presence of autoantibodies (immunoglobulins) in the blood circulation that react against contactin-associated protein-like 2 (CASPR2)."	"PMID:32783406|PMID:32651251|PMID:29561731"	"Anti-contactin-associated protein-like 2 antibody|Anti-Caspr2 antibody"
<http://purl.obolibrary.org/obo/HP_5000009>	"Anti-GABA(A)R antibody"	"The presence of autoantibodies (immunoglobulins) in the blood circulation that react against gamma-aminobutyric acid A receptor, i.e., GABA(A)R."	"PMID:30347219|PMID:28202703"	"Anti-gamma amino butyric acid type A receptors antibody|Anti-GABAA R antibody"
<http://purl.obolibrary.org/obo/HP_5000012>	"Anti-Gephyrin antibody"	"The presence of autoantibodies (immunoglobulins) in the blood circulation that react against Gephyrin."	"PMID:29561731|PMID:22270318|PMID:20420178"	
<http://purl.obolibrary.org/obo/HP_0034126>	"Anti-GD1b IgG antibody positivity"	"The presence of IgG autoantibodies (immunoglobulins) in the blood circulation that react against GD1b ganglioside."	"PMID:31837178"	
<http://purl.obolibrary.org/obo/HP_0003493>	"Antinuclear antibody positivity"	"The presence of autoantibodies in the serum that react against nuclei or nuclear components."		"Antinuclear antibody positive|Serum antinuclear antibody|Elevated antinuclear antibody|Antinuclear antibodies"
<http://purl.obolibrary.org/obo/HP_0034066>	"Anti-carbonic anhydrase VI antibody positivity"	"The presence of autoantibodies (immunoglobulins) in the serum that react against carbonic anhydrase VI."	"PMID:34249010"	"Anti-CA6 antibody positivity"
<http://purl.obolibrary.org/obo/HP_0034153>	"Anti-cytosolic-5-nucleotidase-1A antibody positivity"	"The presence of autoantibodies (immunoglobulins) in the blood circulation that react against cytosolic-5-nucleotidase-1A (cN1A)."	"PMID:32933078"	"Anti-cN1A antibody positivity"
<http://purl.obolibrary.org/obo/HP_5000013>	"Anti-GFAP antibody"	"The presence of autoantibodies (immunoglobulins) in the blood circulation that react against glial fibrillary acidic protein (GFAP)."	"PMID:32827972|PMID:32019875|PMID:30663514|PMID:28120349"	"Anti-glial fibrillary acidic protein antibody"
<http://purl.obolibrary.org/obo/HP_5000047>	"Anti-ryanodine receptor antibody"	"The presence of autoantibodies (immunoglobulins) in the blood circulation that react against ryanodine receptor."	"PMID:30918333"	"Anti-RyR antibody"
<http://purl.obolibrary.org/obo/HP_0034091>	"Anti-platelet derived growth factor receptor"	"The presence of autoantibodies (immunoglobulins) in the blood circulation that react against platelet derived growth factor receptor."	"PMID:28749191"	"Anti-PDGFR antibody positivity"
<http://purl.obolibrary.org/obo/HP_0034118>	"Anti-GM1 IgM antibody positivity"	"The presence of IgM autoantibodies (immunoglobulins) in the blood circulation that react against GM1."	"PMID:34759020"	
<http://purl.obolibrary.org/obo/HP_0033034>	"Anti-citrullinated protein antibody positivity"	"The presence autoantibodies in the serum that react do different citrullinated antigens, including filaggrin, fibrinogen, vimentin and collagen."	"PMID:27824549|PMID:21713412"	
<http://purl.obolibrary.org/obo/HP_0033028>	"Anti-U1 ribonucleoprotein antibody positivity"	"The presence autoantibodies in the serum that react to proteins (70 Kd, A, C) that are associated with U1 RNA and form U1snRNP."	"PMID:29796907|PMID:15804705"	"Anti-RNP-antibodies|Anti-U1-RNP antibody positivity"
<http://purl.obolibrary.org/obo/HP_0034135>	"Anti-neurofascin-155 antibody positivity"	"The presence of autoantibodies (immunoglobulins) in the blood circulation that react against NF155."	"PMID:34728497|PMID:32266541"	"Anti-NF155 antibody positivity"
<http://purl.obolibrary.org/obo/HP_0034109>	"Anti-GW182 antibody positivity"	"The presence of autoantibodies (immunoglobulins) in the blood circulation that react against GW182."	"PMID:29554146|PMID:14598044"	
<http://purl.obolibrary.org/obo/HP_0034102>	"Anti-sphingolipid antibody positivity"	"The presence of autoantibodies (immunoglobulins) in the blood circulation that react against sphingolipids."	"PMID:31354742"	
<http://purl.obolibrary.org/obo/HP_5000037>	"Anti-Yo antibody positivity"	"The presence of autoantibodies (immunoglobulins) in the blood circulation that react against Yo."	"PMID:27606347|PMID:10980743"	"Anti-Purkinje cell cytoplasmic antibody 1"
<http://purl.obolibrary.org/obo/HP_5000008>	"Anti-FGFR3 antibody positivity"	"The presence of autoantibodies (immunoglobulins) in the blood circulation that react against FGFR3."	"PMID:33588772|PMID:33563795"	"Anti-fibroblast growth factor receptor 3 antibody"
<http://purl.obolibrary.org/obo/HP_0034070>	"Anti-enterocyte antibody positivity"	"The presence of autoantibodies (immunoglobulins) in the serum that react against enterocytes."	"PMID:33744411|PMID:24051695"	"AEA"
<http://purl.obolibrary.org/obo/HP_0034142>	"Anti-nuclear matrix protein-2 antibody positivity"	"The presence of autoantibodies (immunoglobulins) in the blood circulation that react against NXP-2."	"PMID:33343724"	"Anti-NXP-2 antibody positivity|Anti-MJ/NXP-2 antibody positivity"
<http://purl.obolibrary.org/obo/HP_0033395>	"Antilactoferrin antibody positivity"	"The presence of autoantibodies (immunoglobulins) in the serum that react against lactoferrin."	"PMID:16932997"	
<http://purl.obolibrary.org/obo/HP_0033557>	"Anti-proteinase 3 antibody positivity"	"The presence of autoantibodies in the blood circulation that react against proteinase 3. Proteinase 3 (PR3) antigen is a 29-kD serine protease that exists as a protein triplet in human neutrophils"	"PMID:9463400"	"Anti-PR3 antibody positivity"
<http://purl.obolibrary.org/obo/HP_4000021>	"Anti-laminin 332 antibody positivity"	"The presence of autoantibodies (immunoglobulins) in the serum that react against laminin-332."	"PMID:24154702|PMID:21725315"	"Anti-laminin 5 antibody positivity"
<http://purl.obolibrary.org/obo/HP_0033342>	"Anti-aquaporin 4 antibody positivity"	"The presence of autoantibodies (immunoglobulins) in the serum that react against aquaporin-4."	"PMID:31312230|PMID:25889963|PMID:24415568|PMID:24260168"	"Anti-AQP4 antibody positivity"
<http://purl.obolibrary.org/obo/HP_0034130>	"Anti-GT1a IgG antibody positivity"	"The presence of IgG autoantibodies (immunoglobulins) in the blood circulation that react against T1a ganglioside."	"PMID:24829594"	
<http://purl.obolibrary.org/obo/HP_0033394>	"Anti-carbonic anhydrase II antibody positivity"	"The presence of autoantibodies (immunoglobulins) in the serum that react against carbonic anhydrase II."	"PMID:16932997"	
<http://purl.obolibrary.org/obo/HP_0030210>	"Anti-muscle-specific tyrosine kinase antibody"	"The presence of autoantibodies (immunoglobulins) in the serum that react against muscle specific kinase (anti-MuSK Ab)."	"PMID:32830177|PMID:29321424|PMID:22770539"	"Muscle specific kinase antibody positivity|Anti-muscle-specific tyrosine kinase antibody|Anti-MUSK antibodies"
<http://purl.obolibrary.org/obo/HP_0033556>	"Anti-nucleoporin 62 antibody positivity"	"The presence of autoantibodies (immunoglobulins) in the serum that react against nucleoporin 62."		"Anti-p62 antibody positivity"
<http://purl.obolibrary.org/obo/HP_0034144>	"Anti-hY-RNA complex antibody positivity"	"The presence of autoantibodies (immunoglobulins) in the blood circulation that react against Ro60."	"PMID:32083547|PMID:30915082"	"Anti-Ro60 antibody positivity"
<http://purl.obolibrary.org/obo/HP_0034105>	"Anti-transcription intermediary factor-1gamma antibody positivity"	"The presence of autoantibodies (immunoglobulins) in the blood circulation that react against transcription intermediary factor-1gamma."	"PMID:33876712"	"Anti-TIF1-gamma antibody positivity|Anti-TIF-1gamma antibody positivity"
<http://purl.obolibrary.org/obo/HP_0033713>	"Anti-signal recognition particle antibody positivity"	"The presence of autoantibodies (immunoglobulins) in the serum that react against anti-signal recognition particle."	"PMID:33093664|PMID:30639649|PMID:29582188"	"Anti-SRP antibody positivity"
<http://purl.obolibrary.org/obo/HP_0034120>	"Anti-GD1a IgM antibody positivity"	"The presence of IgM autoantibodies (immunoglobulins) in the blood circulation that react against ganglioside D1a."	"PMID:31522790"	
<http://purl.obolibrary.org/obo/HP_4000027>	"anti-LAD-1 antibody positivity"	"The presence of autoantibodies (immunoglobulins) in the serum that react against LAD-1, which is the soluble 120 kDa ectodomain of BP180."		
<http://purl.obolibrary.org/obo/HP_0025379>	"Anti-thyroid peroxidase antibody positivity"@en	"The presence of autoantibodies (immunoglobulins) in the serum that react against thyroid peroxidase."	"PMID:33796145|PMID:33144894"	"Anti-TPO antibody positivity|Antimicrosomal antibody positivity|Antimicrosomal antibodies|TPOAbs"
<http://purl.obolibrary.org/obo/HP_0034112>	"Anti-GM1 IgG antibody positivity"	"The presence of IgG autoantibodies (immunoglobulins) in the blood circulation that react against GM1."	"PMID:32460711"	
<http://purl.obolibrary.org/obo/HP_5000021>	"Anti-Ma antibody positivity"	"The presence of autoantibodies (immunoglobulins) in the blood circulation that react against Ma."	"PMID:33070888|PMID:27460184"	
<http://purl.obolibrary.org/obo/HP_0003613>	"Antiphospholipid antibody positivity"	"The presence of circulating autoantibodies to phospholipids."		"Antiphospholipid antibody|Phospholipid antibody positivity|Antiphospholipid antibodies"
<http://purl.obolibrary.org/obo/HP_0034104>	"Anti-neutrophil elastase antibody positivity"	"The presence of autoantibodies (immunoglobulins) in the blood circulation that react against neutrophil elastase."	"PMID:32091008"	
<http://purl.obolibrary.org/obo/HP_0034146>	"Anti-glycyl tRNA-synthetase antibody positivity"	"The presence of autoantibodies (immunoglobulins) in the blood circulation that react against glycyl tRNA-synthetase."	"PMID:27212602"	"Anti-EJ antibody positivity"
<http://purl.obolibrary.org/obo/HP_0034107>	"Anti-p53 antibody positivity"	"The presence of autoantibodies (immunoglobulins) in the blood circulation that react against p53."	"PMID:29554146"	
<http://purl.obolibrary.org/obo/HP_0033476>	"Extractable nuclear antigen positivity"	"The presence of autoantibodies in the serum that react against extractable nuclear components that are referred to as extractable because they can be extracted from cell nuclei with saline solution."	"PMID:16338206|PMID:11899137"	
<http://purl.obolibrary.org/obo/HP_0030909>	"Anti-liver cytosolic antigen type 1 antibody positivity"	"The presence of autoantibodies (immunoglobulins) in the serum that react against a 60-kd peptide contained in the liver cytosolic fraction."	"PMID:7806169"	"Anti-liver cytosol antibody-1 positivity"
<http://purl.obolibrary.org/obo/HP_0032230>	"Cytoplasmic antineutrophil antibody positivity"	"The presence of autoantibodies in the serum that react against proteins predominantly expressed in cytoplasmic granules of neutrophils."	"PMID:28661185|PMID:27481040|PMID:24854381|PMID:14646155"	"Cytoplasmic antineutrophil cytoplasmic antibodies|C-ANCA antibodies|Anti-neutrophil cytoplasmic antibody positivity"
<http://purl.obolibrary.org/obo/HP_0034021>	"Anti-HLA-A IgG3 antibody positivity"	"The presence of IgG3 autoantibodies in the blood circulation that react against a human leukocyte antigen-A (HLA-A)."		
<http://purl.obolibrary.org/obo/HP_0034110>	"Anti-Gerbich phenotype 1 antibody positivity"	"The presence of autoantibodies (immunoglobulins) in the blood circulation that react against Ge-1."	"PMID:29554146"	"Anti-Ge-1 antibody positivity"
<http://purl.obolibrary.org/obo/HP_0034152>	"Anti-histidyl tRNA synthetase antibody positivity"	"The presence of autoantibodies (immunoglobulins) in the blood circulation that react against histidyl tRNA synthetase."	"PMID:26210509|PMID:15804708"	"Anti-Jo-1 antibody positivity|Anti-JO1 antibody positivity"
<http://purl.obolibrary.org/obo/HP_0034147>	"Anti-aminoacyl-tRNA synthetase antibody positivity"	"The presence of autoantibodies (immunoglobulins) in the blood circulation that react against a tRNA synthetase enzyme."	"PMID:23573256"	
<http://purl.obolibrary.org/obo/HP_0025381>	"Anti-pituitary antibody positivity"@en	"Circulating antipituitary antibodies (APA) are markers of autoimmune hypophysitis, which may cause deficient pituitary function."	"PMID:17341554"	
<http://purl.obolibrary.org/obo/HP_4000170>	"Anti-platelet antigen antibody positivity"@en	"The presence of autoantibodies (immunoglobulins) in the serum that react against antigens present on the surface of thrombocytes such as the glycoproteins GPIIb/IIIa, GPIb/IX, and GPIa/IIa."		"Antiplatelet antibodies present"
<http://purl.obolibrary.org/obo/HP_0034101>	"Anti-annexin-V antibody positivity"	"The presence of autoantibodies (immunoglobulins) in the blood circulation that react against annexin-V."	"PMID:33464429"	
<http://purl.obolibrary.org/obo/HP_0034078>	"Anti-centromere protein A antibody positivity"	"The presence of autoantibodies (immunoglobulins) in the blood circulation that react against CENP-A."	"PMID:30316987"	"Anti-CENP-A antibody positivity"
<http://purl.obolibrary.org/obo/HP_4000026>	"Anti-transglutaminase 6 antibody"	"The presence of autoantibodies (immunoglobulins) in the blood circulation that react against transglutaminase 6."		
<http://purl.obolibrary.org/obo/HP_0030859>	"Anti-topoisomerase I antibody positivity"	"The presence of autoantibodies (immunoglobulins) in the serum that react against topoisomerase I."	"PMID:31858335|PMID:16112028"	"Topoisomerase (DNA) I antibody positivity|Top1 antibody positivity|Anti-Scl-70 antibody positivity"
<http://purl.obolibrary.org/obo/HP_0025629>	"Anti-myelin-associated glycoprotein antibody positivity"@en	"The presence of autoantibodies (immunoglobulins) in the serum that react against myelin-associated glycoprotein (MAG)."	"PMID:16969155"	
<http://purl.obolibrary.org/obo/HP_5000019>	"Anti-Kelch like protein 11 antibody positivity"	"The presence of autoantibodies (immunoglobulins) in the blood circulation that react against kelch-like protein 11 (KLHL11)."	"PMID:31269365"	"Anti-KLHL11 antibody"
<http://purl.obolibrary.org/obo/HP_6000344>	"Anti-intrinsic factor antibody positivity"	"The presence of autoantibodies (immunoglobulins) in the blood circulation that react against intrinsic factor."	"PMID:34913949"	
<http://purl.obolibrary.org/obo/HP_5000031>	"Anti-Septin-5 antibody"	"The presence of autoantibodies (immunoglobulins) in the blood circulation that react against Septin-5."	"PMID:29998156"	
<http://purl.obolibrary.org/obo/HP_0034119>	"Anti-GD1a IgG antibody positivity"	"The presence of IgG autoantibodies (immunoglobulins) in the blood circulation that react against ganglioside D1a."	"PMID:24829594"	
<http://purl.obolibrary.org/obo/HP_5000038>	"Anti-titin antibody positivity"	"The presence of autoantibodies (immunoglobulins) in the blood circulation that react against titin."	"PMID:32830177|PMID:30918333|PMID:27235344"	
<http://purl.obolibrary.org/obo/HP_0034090>	"Anti-RuvBL1/2 antibody positivity"	"The presence of autoantibodies (immunoglobulins) in the blood circulation that react against RuvBL1/2."	"PMID:30316987"	
<http://purl.obolibrary.org/obo/HP_0033562>	"Anti-glycoprotein-210 antibody positivity"	"The presence of autoantibodies (immunoglobulins) in the serum that react against glycoprotein-210."	"PMID:23814122"	"Anti-gp210 antibody positivity"
<http://purl.obolibrary.org/obo/HP_4000018>	"Anti-desmoplakin II antibody positivity"	"The presence of autoantibodies (immunoglobulins) in the serum that react against desmoplakin-II."		
<http://purl.obolibrary.org/obo/HP_0032366>	"Positive direct antiglobulin test"	"A positive result of the direct antiglobulin test (DAT), a method of demonstrating the presence of antibody or complement bound to red blood cell (RBC) membranes by the use of anti-human globulin to form a visible agglutination reaction."	"PMID:28134589"	
<http://purl.obolibrary.org/obo/HP_0034106>	"Anti-Su antigen/argonaute 2 antibody positivity"	"The presence of autoantibodies (immunoglobulins) in the blood circulation that react against Su antigen/argonaute 2."	"PMID:33876712"	"Anti-Su antibody positivity|Anti-Ago2 antibody positivity"
<http://purl.obolibrary.org/obo/HP_0034020>	"Anti-HLA-A IgG1 antibody positivity"	"The presence of IgG1 autoantibodies in the blood circulation that react against a human leukocyte antigen-A (HLA-A)."		
<http://purl.obolibrary.org/obo/HP_0033708>	"Anti-3-hydroxy- 3-methylglutaryl-coA reductase antibody positivity"			"Anti-HMGCR autoantibodies|Anti-3-hydroxy- 3-methylglutaryl-coA reductase antibodies"
<http://purl.obolibrary.org/obo/HP_0033565>	"Anti-epidermal transglutaminase antibody positivity"	"The presence of autoantibodies (immunoglobulins) in the blood circulation that react against epidermal transglutaminase."	"PMID:18503599"	"Anti-keratinocyte transglutaminase|Anti-TG3 antibody|Anti-eTG antibody positivity|Anti-epidermal transglutaminase (anti-eTG) antibody"
<http://purl.obolibrary.org/obo/HP_5000016>	"Anti-Hu antibody positivity"	"The presence of autoantibodies (immunoglobulins) in the blood circulation that react against Hu."	"PMID:32851899|PMID:25764259|PMID:19015226|PMID:18931014|PMID:11344832"	"Anti-Neuronal Nuclear Antibody type-1 antibody|Anti-ANNA-1 antibody"
<http://purl.obolibrary.org/obo/HP_0034143>	"Anti-threonyl-tRNA synthetase antibody positivity"	"The presence of autoantibodies (immunoglobulins) in the blood circulation that react against threonyl-tRNA synthetase."	"PMID:33343724|PMID:22732951"	"Anti-PL-7 antibody positivity"
<http://purl.obolibrary.org/obo/HP_4000013>	"Anti-desmoglein-1 antibody positivity"	"The presence of autoantibodies (immunoglobulins) in the serum that react against desmoglein-1, a dermal cell adhesion molecule."		
<http://purl.obolibrary.org/obo/HP_0034257>	"C4 nephritic factor positivity"	"The presence of autoantibodies (immunoglobulins) in the blood circulation that recognize C4b2a, the C3 convertase of the classical pathway of complement."	"PMID:28838767|PMID:27146825|PMID:23117396"	
<http://purl.obolibrary.org/obo/HP_0034088>	"Anti-Ku antibody positivity"	"The presence of autoantibodies (immunoglobulins) in the blood circulation that react against Ku."	"PMID:28749191"	
<http://purl.obolibrary.org/obo/HP_5000046>	"Anti-Lrp4 antibody positivity"	"The presence of autoantibodies (immunoglobulins) in the blood circulation that react against low-density lipoprotein receptor (Lrp4)."	"PMID:32830177"	"Anti-low-density lipoprotein receptor-related protein 4 antibody"
<http://purl.obolibrary.org/obo/HP_5000028>	"Anti-MAP1B antibody"	"The presence of autoantibodies (immunoglobulins) in the blood circulation that react against microtubule-associated protein 1B (MAP1B)."	"PMID:31801846|PMID:28074593"	"Anti-microtubule-associated protein 1B antibody|Anti-Purkinje cell cytoplasmic type-2 antibody"
<http://purl.obolibrary.org/obo/HP_0033558>	"Anti-histone antibody positivity"	"The presence of autoantibodies in the blood circulation that react against histone antigens."	"PMID:15096389"	
<http://purl.obolibrary.org/obo/HP_0025353>	"Anti-multiple nuclear dots antibody positivity"@en	"A type of antinuclear antibody (ANA) positivity revealed by indirect immunofluorescence (IFL). The multiple nuclear dots (MND) pattern is immunomorphologically characterized by the staining of 3-20 dots of variable size distributed all over the cell nucleus, but sparing the nucleoli, and, in contrast to the anticentromere pattern, MND reactivity does not stain the chromosomes in mitotic cells."	"PMID:12848948|PMID:11882049"	"Anti-MND antibodies"
<http://purl.obolibrary.org/obo/HP_0033637>	"Anti-endomysial antibody positivity"	"The presence of autoantibodies (immunoglobulins) in the blood circulation that react against endomysial tissue transglutaminase 2 (tTG2)."	"PMID:9518950"	"Anti-transglutaminase 2 antibody positivity"
<http://purl.obolibrary.org/obo/HP_0034077>	"Anti-complement component C1q antibody positivity"	"The presence of autoantibodies (immunoglobulins) in the blood circulation that react against C1q."	"PMID:25815344"	"Anti-C1q antibody positivity"
<http://purl.obolibrary.org/obo/HP_0034129>	"Anti-GT1a IgM antibody positivity"	"The presence of IgM autoantibodies (immunoglobulins) in the blood circulation that react against T1a ganglioside."	"PMID:24829594"	
<http://purl.obolibrary.org/obo/HP_0030167>	"Antimitochondrial antibody positivity"	"The presence of autoantibodies (immunoglobulins) in the serum that react against mitochondria."		"Serum antimitochrondrial antibodies"
<http://purl.obolibrary.org/obo/HP_5000024>	"Anti-mGluR1 antibody"	"The presence of autoantibodies (immunoglobulins) in the blood circulation that react against metabotropic glutamate receptor 1 (mGluR1)."	"PMID:26377085"	"Anti-metabotropic glutamate receptor 1 antibody"
<http://purl.obolibrary.org/obo/HP_5000029>	"Anti-PKCgamma antibody"	"The presence of autoantibodies (immunoglobulins) in the blood circulation that react against protein kinase Cgamma."	"PMID:16801349"	"Anti-Protein kinase C gamma antibody"
<http://purl.obolibrary.org/obo/HP_0034085>	"Anti-PM-Scl100 antibody positivity"	"The presence of autoantibodies (immunoglobulins) in the blood circulation that react against PM-Scl100."	"PMID:28749191"	
<http://purl.obolibrary.org/obo/HP_5000048>	"Anti-Kv1.4 antibody"	"The presence of autoantibodies (immunoglobulins) in the blood circulation that react against the voltage-gated potassium channel Kv1.4."	"PMID:30918333|PMID:22167224"	
<http://purl.obolibrary.org/obo/HP_0034108>	"Anti-Y-box protein-1 antibody positivity"	"The presence of autoantibodies (immunoglobulins) in the blood circulation that react against Y-box protein-1."	"PMID:29554146"	"Anti-YB 1 antibody positivity"
<http://purl.obolibrary.org/obo/HP_6000193>	"Anti-osteoprotegerin antibody positivity"	"The presence of autoantibodies (immunoglobulins) in the blood circulation that react against osteoprotegerin."	"PMID:28534161|PMID:26092508|PMID:19812402"	"Anti-OPG antibody positivity"
<http://purl.obolibrary.org/obo/HP_4000023>	"Anti-laminin gamma1 antibody positivity"	"The presence of autoantibodies (immunoglobulins) in the serum that react against laminin gamma-1."	"PMID:24154702"	
<http://purl.obolibrary.org/obo/HP_0003453>	"Antineutrophil antibody positivity"	"The presence of autoantibodies in the serum that react against neutrophils."		"Neutrophil antibody positive|Antineutrophil antibodies"
<http://purl.obolibrary.org/obo/HP_0033554>	"Anti-Mi2 antibody positivity"	"The presence of autoantibodies in the blood circulation that react against the Mi-2 antigen."	"PMID:30938432"	
<http://purl.obolibrary.org/obo/HP_0033563>	"Anti-tissue transglutaminase antibody positivity"	"The presence of autoantibodies (immunoglobulins) in the serum that react against tissue transglutaminase."	"PMID:33259121"	"Anti-tTG antibody positivity"
<http://purl.obolibrary.org/obo/HP_0034081>	"Anti-Th/To antibody positivity"	"The presence of autoantibodies (immunoglobulins) in the blood circulation that react against Th/To."	"PMID:30316987"	
<http://purl.obolibrary.org/obo/HP_5000014>	"Anti-GlyR antibody"	"The presence of autoantibodies (immunoglobulins) in the blood circulation that react against Glycine receptor (GlyR)."	"PMID:32585946|PMID:32087460|PMID:22215239|PMID:21242500"	"Anti-glycine receptor antibody"
<http://purl.obolibrary.org/obo/HP_0034093>	"Anti-Ro52/TRIM21 antibody positivity"	"The presence of autoantibodies (immunoglobulins) in the blood circulation that react against Ro52/TRIM21."	"PMID:28749191"	"Anti-Ro52 antibody positivity"
<http://purl.obolibrary.org/obo/HP_0034148>	"Anti-isoleucyl tRNA-synthetase antibody positivity"	"The presence of autoantibodies (immunoglobulins) in the blood circulation that react against isoleucyl tRNA-synthetase."	"PMID:33343724"	"Anti-OJ antibody positivity"
<http://purl.obolibrary.org/obo/HP_0034065>	"Anti-Zinc transporter 8 antibody positivity"	"The presence of autoantibodies (immunoglobulins) in the serum that react against zinc transporter 8."	"PMID:32946793"	"Anti ZnT8 autoantibodies"
<http://purl.obolibrary.org/obo/HP_0030888>	"C3 nephritic factor positivity"	"The presence of autoantibodies (immunoglobulins) in the serum that react against C3 convertase (C3bBb)."		
<http://purl.obolibrary.org/obo/HP_5000001>	"Anti-AMPAR antibody positivity"	"The presence of autoantibodies (immunoglobulins) in the blood circulation that react against anti-alpha-amino-3-hydroxy-5-methyl-4-isoxazolepropionic acid receptor (AMPAR)."	"PMID:29225271|PMID:25979696"	"Anti-alpha-amino-3-hydroxy-5-methyl-4-isoxazolepropionic acid receptor antibody"
<http://purl.obolibrary.org/obo/HP_0033592>	"Anti-H3-H4 antibody positivity"	"The presence of autoantibodies in the blood circulation that react against the H3-H4 histone dimer."	"PMID:7986226|PMID:3874029|PMID:1864977"	
<http://purl.obolibrary.org/obo/HP_0034062>	"Anti-insulin antibody positivity"	"The presence of autoantibodies (immunoglobulins) in the serum that react against insulin."	"PMID:17143785"	"Insulin autoantibodies|IAA positivity"
<http://purl.obolibrary.org/obo/HP_0033629>	"IgG4 autoimmune antibody positivity"	"The presence of an antibody of subclass IgG4 in the blood circulation that is directed against the organism's own cells or tissues."	"PMID:29483905"	
<http://purl.obolibrary.org/obo/HP_0034055>	"Anti-side-chain cleavage enzyme antibody positivity"	"The presence of autoantibodies (immunoglobulins) in the serum that react against cytochrome P450 cholesterol side-chain cleavage enzyme (P450scc), which is encoded by CYP11A1 cytochrome P450 family 11 subfamily A member 1 (Gene ID:1583)."	"PMID:9030872"	"Anti-P450scc"
<http://purl.obolibrary.org/obo/HP_0030209>	"Calcium channel antibody positivity"	"The presence of autoantibodies (immunoglobulins) in the serum that react against voltage-gated calcium channels."	"PMID:7739683"	"Ca2+ channel antibody positivity|Ca channel antibody positivity"
<http://purl.obolibrary.org/obo/HP_5000007>	"Anti-DPPX antibody"	"The presence of autoantibodies (immunoglobulins) in the blood circulation that react against dipeptidyl-peptidase-like protein 6 (DPPX)."	"PMID:32087460|PMID:28258082|PMID:27299786"	"Anti-dipeptidyl-peptidase-like protein 6 antibody"
<http://purl.obolibrary.org/obo/HP_0430050>	"Anti-thyroid antibody positivity"@en	"The presence of autoantibodies (immunoglobulins) in the blood circulation that react against one or more components on the thyroid."		"Antithyroid antibody positivity"
<http://purl.obolibrary.org/obo/HP_0034133>	"Anti-GM3 antibody positivity"	"The presence of autoantibodies (immunoglobulins) in the blood circulation that react against ganglioside GM3."	"PMID:34174799"	
<http://purl.obolibrary.org/obo/HP_0034140>	"Anti-SUMO-activating enzyme subunit 1 antibody positivity"	"The presence of autoantibodies (immunoglobulins) in the blood circulation that react against SAE 1."	"PMID:22884621"	
<http://purl.obolibrary.org/obo/HP_4000031>	"Anti-type VII collagen antibody"	"The presence of autoantibodies (immunoglobulins) in the serum that react against collagen type VII."	"PMID:29619029"	
<http://purl.obolibrary.org/obo/HP_0034154>	"Anti-Ki antibody positivity"	"The presence of autoantibodies (immunoglobulins) in the blood circulation that react against Ki."	"PMID:24557777"	
<http://purl.obolibrary.org/obo/HP_0034141>	"Anti-SUMO-activating enzyme subunit 2 antibody positivity"	"The presence of autoantibodies (immunoglobulins) in the blood circulation that react against SAE 2."	"PMID:22884621"	"Anti-SAE 2 antibody positivity"
<http://purl.obolibrary.org/obo/HP_0034128>	"Anti-GT1a antibody positivity"	"The presence of autoantibodies (immunoglobulins) in the blood circulation that react against T1a ganglioside."		
<http://purl.obolibrary.org/obo/HP_0034099>	"Anti-phosphatidyl inositol antibody positivity"	"The presence of autoantibodies (immunoglobulins) in the blood circulation that react against phosphatidyl inositol."	"PMID:31354742"	
<http://purl.obolibrary.org/obo/HP_0020050>	"Anti-granulocyte-macrophage colony stimulating factor antibody positivity"	"The presence of autoantibodies in the serum that react against granulocyte-macrophage colony stimulating factor."	"PMID:23509356"	"Anti-GM-CSF antibody positivity"
<http://purl.obolibrary.org/obo/HP_0034111>	"Anti-MIT3 antibody positivity"	"The presence of autoantibodies (immunoglobulins) in the blood circulation that react against MIT3."	"PMID:32286240|PMID:29554146"	
<http://purl.obolibrary.org/obo/HP_4000017>	"Anti-desmoplakin I antibody positivity"	"The presence of autoantibodies (immunoglobulins) in the serum that react against desmoplakin-1."		
<http://purl.obolibrary.org/obo/HP_0034134>	"Anti-GM4 antibody positivity"	"The presence of autoantibodies (immunoglobulins) in the blood circulation that react against ganglioside GM4."	"PMID:17785314"	
<http://purl.obolibrary.org/obo/HP_0020136>	"Anticardiolipin IgG antibody positivity"	"The presence of circulating IgG autoantibodies to cardiolipin."	"PMID:30256771"	
<http://purl.obolibrary.org/obo/HP_4000015>	"Anti-envoplakin antibody positivity"	"The presence of autoantibodies (immunoglobulins) in the serum that react against envoplakin, a cytoskeletal linker protein that links intermediate filaments to cellular junctions."	"PMID:24275244"	
<http://purl.obolibrary.org/obo/HP_0034127>	"Anti-GQ1b IgG antibody positivity"	"The presence of IgG autoantibodies (immunoglobulins) in the blood circulation that react against ganglioside Q1b."	"PMID:24829594"	
<http://purl.obolibrary.org/obo/HP_5000035>	"Anti-TRIM46 antibody"	"The presence of autoantibodies (immunoglobulins) in the blood circulation that react against the axon initial segment protein tripartite motif 46 (TRIM46)."	"PMID:28904989"	
<http://purl.obolibrary.org/obo/HP_0034151>	"Anti-asparaginyl-tRNA synthetase antibody positivity"	"The presence of autoantibodies (immunoglobulins) in the blood circulation that react against asparaginyl-tRNA synthetase."	"PMID:32933078"	"Anti-KS antibody positivity"
<http://purl.obolibrary.org/obo/HP_5000020>	"Anti-LGI1 antibody"	"The presence of autoantibodies (immunoglobulins) in the blood circulation that react against leucine-rich glioma-inactivated 1 (LGI1)."	"PMID:32783406|PMID:32710704"	"Anti-Anti-leucine-rich glioma-inactivated 1 antibody"
<http://purl.obolibrary.org/obo/HP_0034018>	"Anti-class II HLA antibody positivity"	"The presence of autoantibodies (immunoglobulins) in the blood circulation that react against a class II human leukocyte antigen (HLA). Class I HLA corresponds to MHC class II (DP, DM, DO, DQ, and DR)."		
<http://purl.obolibrary.org/obo/HP_5000006>	"Anti-CV2/CRMP5 antibody positivity"	"The presence of autoantibodies (immunoglobulins) in the blood circulation that react against CV2/CRMP5. Anti-CV2/CRMP5 autoantibody is the most commonly detected anti-neuronal autoantibody. Patients with typical paraneoplastic chorea show fully developed chorea in the course of weeks to months with acute inflammation in the striatum."	"PMID:32110228|PMID:31656691|PMID:18931014"	"Anti-collapsin response-mediated protein 5 antibody|Anti-CV2/collapsin response mediator protein (CRMP)5 antibody|Anti-CV2 antibody"
<http://purl.obolibrary.org/obo/HP_0034131>	"Anti-GT1b antibody positivity"	"The presence of autoantibodies (immunoglobulins) in the blood circulation that react against T1b ganglioside."	"PMID:17785314"	
<http://purl.obolibrary.org/obo/HP_0030908>	"Liver kidney microsome type 1 antibody positivity"	"The presence of autoantibodies (immunoglobulins) in the serum that react against P450 2D6, a cytochrome P450 mono-oxygenase. Anti-LKM-1 antibodies are considered to be a diagnostic marker of autoimmune hepatitis type 2 (AIH2)."	"PMID:29554146"	"Anti-LKM-1 positive|Anti-liver kidney microsomal type 1 antibody positivity|Anti-type I liver-kidney microsomal antibody positivity|Anti-LKM1 antibody positivity"
<http://purl.obolibrary.org/obo/HP_0034150>	"Anti-tyrosyl-tRNA synthetase antibody positivity"	"The presence of autoantibodies (immunoglobulins) in the blood circulation that react against tyrosyl-tRNA synthetase."	"PMID:32933078"	"Anti-Ha antibody positivity"
<http://purl.obolibrary.org/obo/HP_0034087>	"Anti-U11/U12 RNP antibody positivity"	"The presence of autoantibodies (immunoglobulins) in the blood circulation that react against U11/U12 RNP."	"PMID:19565553"	
<http://purl.obolibrary.org/obo/HP_0034117>	"Anti-angiotensin-converting enzyme 2 antibody positivity"	"The presence of autoantibodies (immunoglobulins) in the blood circulation that react against angiotensin-converting enzyme 2."	"PMID:33910447"	"Anti-ACE2 antibody positivity"
<http://purl.obolibrary.org/obo/HP_0032469>	"Anti-asialoglycoprotein receptor antibody positivity"	"Presence of autoantibodies against the asialoglycoprotein receptor (ASGPR) in the blood circulation."	"PMID:26000135"	
<http://purl.obolibrary.org/obo/HP_5000026>	"Anti-neurexin-3alpha antibody positivity"	"The presence of autoantibodies (immunoglobulins) in the blood circulation that react against neurexin-3alpha."	"PMID:28840178|PMID:27170573|PMID:27170572"	"Anti-neurexin-3alpha antibody"
<http://purl.obolibrary.org/obo/HP_6000187>	"Anti-thrombospondin type I domain-containing 7A antibody positivity"	"The presence of autoantibodies (immunoglobulins) in the blood circulation that react against thrombospondin type I domain-containing 7A."	"PMID:35564696"	"Anti-THSD7A antibody present in blood|Anti-THSD7A antibody"
<http://purl.obolibrary.org/obo/HP_0033559>	"Anti-myeloperoxidase antibody positivity"	"The presence of autoantibodies in the blood circulation that react against myeloperoxidase."	"PMID:30767872"	"Anti-MPO antibody positivity"
<http://purl.obolibrary.org/obo/HP_0034121>	"Anti-GD1a antibody positivity"	"The presence of autoantibodies (immunoglobulins) in the blood circulation that react against ganglioside D1a."		
<http://purl.obolibrary.org/obo/HP_0033038>	"Anti-RNA-polymerase-III-autoantibody positivity"	"The presence of autoantibodies in the serum that react to RNA-polymerase III."	"PMID:31858335"	
<http://purl.obolibrary.org/obo/HP_5000034>	"Anti-Tr/DNER antibody"	"The presence of autoantibodies (immunoglobulins) in the blood circulation that react against Tr/DNER. Anti-Tr antibodies are directed against cerebellar Purkinje cells (termed anti-Tr or PCA-Tr). Anti-Tr autoantibodies are frequently associated with Hodgkin lymphoma (HL). Anti-Tr antibodies are defined by a specific staining pattern in cerebellar tissue that is characterized by punctate immunoreactivity in both the dendritic tree and soma of Purkinje cells but not in their axons. This characteristic pattern is indicative of the presence of anti-Tr antibodies. The Delta/Notch-like epidermal growth factor-related receptor (DNER) was identified as the target antigen of anti-Tr."	"PMID:26377319|PMID:25745634|PMID:15179063"	"PCA-Tr|Anti-delta/notch-like epidermal growth factor-related receptor antibody"
<http://purl.obolibrary.org/obo/HP_0034114>	"Anti-hexokinase-1 antibody positivity"	"The presence of autoantibodies (immunoglobulins) in the blood circulation that react against hexokinase-1."	"PMID:29554146"	"Anti-HK-1 antibody positivity"
<http://purl.obolibrary.org/obo/HP_4000022>	"Anti-laminin 6 antibody positivity"	"The presence of autoantibodies (immunoglobulins) in the serum that react against laminin-6."		
<http://purl.obolibrary.org/obo/HP_0034063>	"Anti-islet antigen-2 antibody positivity"	"The presence of autoantibodies (immunoglobulins) in the serum that react against tyrosine phosphatase IA-2."	"PMID:9693976"	"ICA512|Anti-IA2A|Anti-IA2 antibody positivity"
<http://purl.obolibrary.org/obo/HP_0034079>	"Anti-centromere protein B antibody positivity"	"The presence of autoantibodies (immunoglobulins) in the blood circulation that react against CENP-B."	"PMID:30316987"	"Anti-CENP-B antibody positivity"
<http://purl.obolibrary.org/obo/HP_0034001>	"Anti-Complement factor H antibody positivity"	"The presence of autoantibodies (immunoglobulins) in the blood circulation that react against complement factor H."	"PMID:34032209|PMID:34032207"	"CFH autoantibodies"
<http://purl.obolibrary.org/obo/HP_0034122>	"Anti-GQ1b antibody positivity"	"The presence of autoantibodies (immunoglobulins) in the blood circulation that react against ganglioside Q1b."		
<http://purl.obolibrary.org/obo/HP_0003454>	"Platelet antibody positive"	"The presence in the serum of autoantibodies directed against thrombocytes."		"Platelet antibody"
<http://purl.obolibrary.org/obo/HP_0034092>	"Anti-cyclic citrullinated peptide antibody positivity"	"The presence of autoantibodies (immunoglobulins) in the blood circulation that react against cyclic citrullinated peptide."	"PMID:30316987"	"Anti-CCP antibody positivity"
<http://purl.obolibrary.org/obo/HP_0034016>	"Anti-HLA antibody positivity"	"The presence of autoantibodies (immunoglobulins) in the blood circulation that react against a human leukocyte antigen (HLA)."	"PMID:29985463"	"Anti-human leukocyte antigen antibody positivity"
<http://purl.obolibrary.org/obo/HP_0033574>	"Anti-H3 antibody positivity"	"The presence of autoantibodies in the blood circulation that react against histone H3."		
<http://purl.obolibrary.org/obo/HP_0025440>	"Warm reactive autoantibody positivity"@en	"Warm reactive autoantibodies are RBC-directed immune responses that are maximally reactive at 37 degrees C."	"PMID:15491963"	
<http://purl.obolibrary.org/obo/HP_0031907>	"Anti-mitochondrial M2 antibody positivity"	"The presence of M2 anti-mitochondrial antibody (immunoglobulins) in the serum."	"PMID:30579751"	"AMA-M2 positive"
<http://purl.obolibrary.org/obo/HP_0034103>	"Anti-GM1 antibody positivity"	"Ganglioside-monosialic acid (GM1) is a type of glycosphingolipid with one sialic acid. GM1 is located on the outer layer of the plasma membrane, and plays a vital role in neurogenesis, nerve development, differentiation and repair after injury"	"PMID:32460711"	"Anti-ganglioside-monosialic acid antibody positivity"
<http://purl.obolibrary.org/obo/HP_0031104>	"Insulin receptor antibody positivity"	"The presence of autoantibodies (immunoglobulins) in the serum that react against the insulin receptor."	"PMID:3280181"	
<http://purl.obolibrary.org/obo/HP_5000027>	"Anti-P/Q-type VGCC antibody positivity"	"The presence of autoantibodies (immunoglobulins) in the blood circulation that react against P/Q-type voltage-gated calcium channels (VGCCs)."	"PMID:21115345|PMID:18653248|PMID:18295972"	"Anti-P/Q-type voltage-gated calcium-channel antibody"
<http://purl.obolibrary.org/obo/HP_4000014>	"Anti-desmoglein-3 antibody positivity"	"The presence of autoantibodies (immunoglobulins) in the serum that react against desmoglein-3, a dermal cell adhesion molecule."		
<http://purl.obolibrary.org/obo/HP_5000018>	"Anti-ITPR1 antibody"	"The presence of autoantibodies (immunoglobulins) in the blood circulation that react against inositol 1,4,5-trisphosphate receptor 1 (ITPR1)."	"PMID:28203616"	"Anti-inositol 1,4,5-trisphosphate receptor type 1 antibody"
<http://purl.obolibrary.org/obo/HP_4000025>	"Anti-integrin antibody positivity"	"The presence of autoantibodies (immunoglobulins) in the serum that react against an integrin. Integrins are a family of cell adhesion molecules with 24 known integrin heterodimers. Integrins transduce mechanical and biochemical signals from fibrotic extracellular matrix into the cell, activate latent TGFbeta, and subsequently modulate fibroblast adhesion, migration, and growth."	"PMID:33483531"	
<http://purl.obolibrary.org/obo/HP_0034071>	"Anti-21-hydroxylase antibody positivity"	"The presence of autoantibodies (immunoglobulins) in the serum that react against 21-hydroxylase."	"PMID:9030872|PMID:22707647"	"Anti-P450c21"
<http://purl.obolibrary.org/obo/HP_0034157>	"Anti-beta-2-Glycoprotein I IgM antibody positivity"	"Presence of IgM antibodies against beta 2 glycoprotein I in the circulation. Beta-2 glycoprotein I (beta2GPI) is the principal target of autoantibodies in the antiphospholipid syndrome."	"PMID:34218350|PMID:33957795"	"Anti-beta2GPI IgM antibody positivity"
<http://purl.obolibrary.org/obo/HP_5000015>	"Anti-Homer-3 antibody"	"The presence of autoantibodies (immunoglobulins) in the blood circulation that react against Homer-3."	"PMID:26377085"	"Anti-Homer protein homolog 3 antibody"
<http://purl.obolibrary.org/obo/HP_4000024>	"Anti-laminin antibody positivity"	"The presence of autoantibodies (immunoglobulins) in the serum that react against a laminin. Laminins are major components of the basement membrane."		
<http://purl.obolibrary.org/obo/HP_5000022>	"Anti-Ma2 antibody positivity"	"The presence of autoantibodies (immunoglobulins) in the blood circulation that react against Ma2."	"PMID:15179063|PMID:27460184|PMID:31454760|PMID:15215214|PMID:18223018|PMID:26664526|PMID:31044049"	"Anti-Ta antibody"
<http://purl.obolibrary.org/obo/HP_0031810>	"Anti-ganglioside antibody positivity"	"The presence of autoantibodies (immunoglobulins) in the serum that react to gangliosides."	"PMID:8027366"	
<http://purl.obolibrary.org/obo/HP_0034017>	"Anti-class I HLA antibody positivity"	"The presence of autoantibodies (immunoglobulins) in the blood circulation that react against a class I human leukocyte antigen (HLA). Class I HLA corresponds to MHC class I (A, B, and C)."		
<http://purl.obolibrary.org/obo/HP_0033555>	"Anti-Ro/SS-A antibody positivity"	"The presence of autoantibodies in the blood circulation that react against Ro/SSA autoantigens."	"PMID:15804706|PMID:1522616"	"Anti-Ro/SSA antibody positivity"
<http://purl.obolibrary.org/obo/HP_5000025>	"Anti-mGluR5 antibody"	"The presence of autoantibodies (immunoglobulins) in the blood circulation that react against metabotropic glutamate receptor 5 (mGluR5)."	"PMID:29703767"	"Anti-Metabotropic Glutamate Receptor Type 5 antibody"
<http://purl.obolibrary.org/obo/HP_0033560>	"Anti-PM-Scl antibody positivity"	"Anti-PM-Scl antibodies target components of RNA-processing exosome complex in the nucleolus. There are ten proteins in this complex and antibodies to eight of them are found at varying frequencies; PM/Scl-100, PM/Scl-75, hRrp4, hRrp42, hRrp46, hCs14, hRrp41, and hRrp40."	"PMID:17643929"	"Anti-PM/Scl antibody positivity"
<http://purl.obolibrary.org/obo/HP_0034155>	"Anti-sp100 antibody positivity"	"The presence of autoantibodies (immunoglobulins) in the serum that react against sp100. Autoantibodies causing the MND pattern are directed against sp100, sp140, promyelocytic leukemia nuclear body proteins (PML) or ubiquitin-like modifier (SUMO) proteins, while in the punctate nuclear envelope pattern, the target antigens are gp210, nucleoporin-62 or laminin B receptor proteins."	"PMID:33789734|PMID:32286240"	
<http://purl.obolibrary.org/obo/HP_4000016>	"Anti-periplakin antibody positivity"	"The presence of autoantibodies (immunoglobulins) in the serum that react against periplakin."	"PMID:24275244"	
<http://purl.obolibrary.org/obo/HP_0034124>	"Anti-GD1b antibody positivity"	"The presence of autoantibodies (immunoglobulins) in the blood circulation that react against GD1b ganglioside."	"PMID:31837178"	
