phenotype,label,description,syn
http://purl.obolibrary.org/obo/HP_0020111,Abnormal CD4+CD25+ regulatory T cell proportion,"A deviation from the normal proportion of CD4-positive, CD25-positive, alpha-beta regulatory T cells in circulation, relative to another population of cells.",Abnormal CD4+CD25+ Treg cell proportion
http://purl.obolibrary.org/obo/HP_0500263,Abnormal helper T cell proportion,Abnormal proportion of helper T cells relative to the total number of T cells.,Abnormal proportion of circulating T-helper cells
http://purl.obolibrary.org/obo/HP_0032127,Abnormal plasmablast proportion,A deviation from the normal proportion of plasmablasts in circulation relative to total number of B cells. Plasmablasts are antibody-secreting cells that originate after infection or vaccination.,
http://purl.obolibrary.org/obo/HP_0500267,Abnormal proportion of CD4-positive helper T cells,An abnormal proportion of circulating CD4-positive helper T cells relative to total T cell count.,
http://purl.obolibrary.org/obo/HP_0031392,Abnormal proportion of CD4-positive T cells,Any abnormality in the proportion of CD4-positive T cells relative to the total number of T cells.,"Abnormal proportion of CD4-positive, alpha-beta T cells"
http://purl.obolibrary.org/obo/HP_0031392,Abnormal proportion of CD4-positive T cells,Any abnormality in the proportion of CD4-positive T cells relative to the total number of T cells.,Abnormal proportion of CD4+ T cells
http://purl.obolibrary.org/obo/HP_0410379,"Abnormal proportion of CD4-positive, alpha-beta memory T cells","An abnormal proportion of CD4-positive, alpha-beta memory T cells compared to the total number of T cells in the blood. These cells have the phenotype of CD45RO-positive and CD127-positive. This cell type is also described as being CD25-negative, CD44-high, and CD122-high.",
http://purl.obolibrary.org/obo/HP_0025620,Abnormal proportion of CD4+ central memory cells,An abnormal proportion of central memory CD4+ T cells. These are memory cells that are located in the secondary lymphoid organs. These cells may have a CD3/CD4/CD62L+/CD45RA- phenotype.,"Abnormal proportion of central memory CD4+, alpha-beta T cells"
http://purl.obolibrary.org/obo/HP_0025623,Abnormal proportion of CD4+ effector memory cells,An abnormal proportion of effector memory CD4+ T cells. These are memory cells that are short-lived cells that migrate to the site of an infection and attempt to eliminate the pathogen. These cells may have a CD3/CD4/CD62L-/CD45RA phenotype.,Abnormal proportion of CD4-positive effector memory cells
http://purl.obolibrary.org/obo/HP_0031393,Abnormal proportion of CD8-positive T cells,Any abnormality in the proportion of CD8 T cells relative to the total number of T cells.,"Abnormal proportion of CD8-positive, alpha-beta T cells"
http://purl.obolibrary.org/obo/HP_0031393,Abnormal proportion of CD8-positive T cells,Any abnormality in the proportion of CD8 T cells relative to the total number of T cells.,Abnormal proportion of CD8+ T cells
http://purl.obolibrary.org/obo/HP_0410380,"Abnormal proportion of CD8-positive, alpha-beta memory T cells","An abnormal proportion of CD8-positive, alpha-beta memory T cells compared to the total number of T cells in the blood. A CD8-positive, alpha-beta T cell with memory phenotype is CD45RO and CD127-positive. This cell type is also described as being CD25-negative, CD44-high, and CD122-high.",
http://purl.obolibrary.org/obo/HP_0020177,"Abnormal proportion of CD8-positive, alpha-beta TEMRA T cells","An abnormal proportion of CD8-positive, alpha-beta effector memory RA TEMRA T cells compared to the total number of T cells in the blood. These cells have the phenotype CD45RA-positive, CD45RO-negative, and CCR7-negative.","Abnormal proportion of effector memory CD8-positive, alpha-beta T cells, terminally differentiated"
http://purl.obolibrary.org/obo/HP_0410384,"Abnormal proportion of central memory CD8-positive, alpha-beta T cells","An abnormal proportion of central memory CD8-positive, alpha-beta memory T cells compared to the total number of T cells in the blood. These cells have the phenotype CCR7-positive, CD127-positive, CD45RA-negative, CD45RO-positive, and CD25-negative.",
http://purl.obolibrary.org/obo/HP_0030386,Abnormal proportion of class-switched memory B cells,"A deviation of the normal proportion of class-switched memory B cells (CD19+/CD27+/IgM-/IgD-) in circulation relative to the total number of B cells. Marginal zone B cells undergo limited somatic hypermutation and produce high-affinity IgM and some IgG, whereas class-switched memory B cells synthetize IgG, IgM, and IgA.",Abnormal proportion of CD19+CD27+IgD- cells
http://purl.obolibrary.org/obo/HP_0410383,"Abnormal proportion of effector memory CD8-positive, alpha-beta T cells","An abnormal proportion of effector memory CD8-positive, alpha-beta memory T cells compared to the total number of T cells in the blood. These cells have the phenotype of CCR7-negative, CD127-positive, CD45RA-negative, CD45RO-positive, and CD25-negative.",
http://purl.obolibrary.org/obo/HP_0031514,abnormal proportion of exhausted T cell relative to T cell in blood,"An abnormally elevated proportion of exhausted T cells (Tex) among circulating T cells. T cell exhaustion is a distinct differentiation state that can be distinguished from naive, effector, and memory T cells. Compared to effector (TE) and memory (TMEM) T cells, exhausted T cells (TEX) display impaired effector functions (e.g., rapid production of effector cytokines, cytotoxicity). TEX have limited proliferative potential, especially compared to some subsets of TMEM and naive T cells.",
http://purl.obolibrary.org/obo/HP_0031514,abnormal proportion of exhausted T cell relative to T cell in blood,A deviation from the normal proportion of exhausted T cell relative to T cell in the blood.,
http://purl.obolibrary.org/obo/HP_0030376,Abnormal proportion of immature B cells,"A deviation from normal proportion immature B cells (CD19+/ CD21low) in circulation relative to total number of B cells. Immature B cells (IgM+) are still in final stages of development within the bone marrow. Naive B cells are those which have left the bone marrow, before they bind to the antigen for which they're specific (IgM+/IgD+).",Abnormal proportion of CD19+/CD21low B cells
http://purl.obolibrary.org/obo/HP_0030383,Abnormal proportion of marginal zone B cells,A deviation of the normal proportion of marginal zone B cells (CD19+/CD27+/IgM+/IgD+) in circulation relative to the total number of B cells.,
http://purl.obolibrary.org/obo/HP_0030373,Abnormal proportion of memory B cells,"A deviation of the normal proportion of memory B cells in circulation relative to total number of B cells. Memory B cells develop from naive B cells. Upon antigen rechallenge, memory B cells rapidly expand and differentiate into plasma cells under the cognate control of memory Th cells (Phase IV).",
http://purl.obolibrary.org/obo/HP_0032182,Abnormal proportion of memory T cells,An abnormal proportion of memory T cells compared to the total number of T cells in the blood. Memory T cells have previously encountered and responded to their cognate antigen and upon a repeated encounter with the antigen can mount a faster and stronger response.,Abnormal proportion of CD4+CD29+ cells
http://purl.obolibrary.org/obo/HP_0030370,Abnormal proportion of naive B cells,"A deviation in the normal proportion of naive B cells (CD19+/CD27-/IgD+/IgM+) relative to the total number of B cells. Naive B cells represent one of the subtypes of B cells in the peripheral blood, and are B cells that have not been exposed to antigen.",
http://purl.obolibrary.org/obo/HP_0410373,Abnormal proportion of naive CD4 T cells,Any abnormality in the proportion of naive CD4 T cells relative to the total number of T cells.,"Abnormal proportion of naive thymus-derived CD4-positive, alpha-beta T cells"
http://purl.obolibrary.org/obo/HP_0410373,Abnormal proportion of naive CD4 T cells,Any abnormality in the proportion of naive CD4 T cells relative to the total number of T cells.,Abnormal proportion of CD4+CD45RA+ cells
http://purl.obolibrary.org/obo/HP_0031396,Abnormal proportion of naive T cells,Any abnormality in the proportion of naive T cells relative to the total number of T cells.,"Abnormal proportion of naive thymus-derived, alpha-beta T cells"
http://purl.obolibrary.org/obo/HP_0031396,Abnormal proportion of naive T cells,Any abnormality in the proportion of naive T cells relative to the total number of T cells.,Abnormal naive T cell proportion
http://purl.obolibrary.org/obo/HP_0030379,Abnormal proportion of transitional B cells,"A deviation in the normal proportion of transitional B cells (CD19+/CD38high/IgMhigh) in circulation relative to the total number of B cells. B cells originate from precursors in the bone marrow, and the first cells which migrate to the peripheral blood have been classified as transitional B cells.",Abnormal proportion of CD19+CD38+IgM+ cells
http://purl.obolibrary.org/obo/HP_0032124,Abnormal proportion of unswitched memory B cells,A deviation of the normal proportion of unswitched memory B cells in circulation relative to the total number of B cells.,Abnormal proportion of non-class-switched memory B cells
http://purl.obolibrary.org/obo/HP_0008165,Decreased helper T cell proportion,Reduced proportion of helper T cells relative to the total number of T cells.,Reduced helper T cell proportion
http://purl.obolibrary.org/obo/HP_0008165,Decreased helper T cell proportion,Reduced proportion of helper T cells relative to the total number of T cells.,Decreased proportion circulating T-helper cells
http://purl.obolibrary.org/obo/HP_0005407,Decreased proportion of CD4-positive helper T cells,A decreased proportion of circulating CD4-positive helper T cells relative to total T cell count.,CD4+ T-cell lymphopenia
http://purl.obolibrary.org/obo/HP_0005407,Decreased proportion of CD4-positive helper T cells,A decreased proportion of circulating CD4-positive helper T cells relative to total T cell count.,CD4 T cell lymphopenia
http://purl.obolibrary.org/obo/HP_0005407,Decreased proportion of CD4-positive helper T cells,A decreased proportion of circulating CD4-positive helper T cells relative to total T cell count.,Abnormality of CD4+ T cells
http://purl.obolibrary.org/obo/HP_0032218,Decreased proportion of CD4-positive T cells,A reduction in the proportion of CD4-positive T cells relative to the total number of T cells.,Reduced proportion of CD4-positive cells
http://purl.obolibrary.org/obo/HP_0032218,Decreased proportion of CD4-positive T cells,A reduction in the proportion of CD4-positive T cells relative to the total number of T cells.,"Decreased proportion of CD4-positive, alpha-beta T cells"
http://purl.obolibrary.org/obo/HP_0032218,Decreased proportion of CD4-positive T cells,A reduction in the proportion of CD4-positive T cells relative to the total number of T cells.,Decreased proportion of CD4+ cells
http://purl.obolibrary.org/obo/HP_0410386,"Decreased proportion of CD4-positive, alpha-beta memory T cells","Decresaed proportion of CD4-positive, alpha-beta memory T cells compared to the total number of T cells in the blood. These cells have the phenotype of CD45RO-positive and CD127-positive. This cell type is also described as being CD25-negative, CD44-high, and CD122-high.",
http://purl.obolibrary.org/obo/HP_0025622,Decreased proportion of CD4+ central memory cells,An abnormally decreased proportion of central memory CD4+ T cells. These are memory cells that are located in the secondary lymphoid organs. These cells may have a CD3/CD4/CD62L+/CD45RA- phenotype.,Reduced proportion of CD4+ central memory cells
http://purl.obolibrary.org/obo/HP_0025622,Decreased proportion of CD4+ central memory cells,An abnormally decreased proportion of central memory CD4+ T cells. These are memory cells that are located in the secondary lymphoid organs. These cells may have a CD3/CD4/CD62L+/CD45RA- phenotype.,"Decreased proportion of central memory CD4+, alpha-beta T cell"
http://purl.obolibrary.org/obo/HP_0025622,Decreased proportion of CD4+ central memory cells,An abnormally decreased proportion of central memory CD4+ T cells. These are memory cells that are located in the secondary lymphoid organs. These cells may have a CD3/CD4/CD62L+/CD45RA- phenotype.,Decreased proportion of CD4-positive central memory cells
http://purl.obolibrary.org/obo/HP_0020113,Decreased proportion of CD4+CD25+ regulatory T cells,"An abnormally decreased proportion of CD4-positive, CD25-positive, alpha-beta regulatory T cells in circulation, relative to another population of cells.",Reduced proportion of CD4+CD25+ regulatory T cells
http://purl.obolibrary.org/obo/HP_0020113,Decreased proportion of CD4+CD25+ regulatory T cells,"An abnormally decreased proportion of CD4-positive, CD25-positive, alpha-beta regulatory T cells in circulation, relative to another population of cells.",Decreased proportion of CD4+CD25+ Treg cells
http://purl.obolibrary.org/obo/HP_0005415,Decreased proportion of CD8-positive T cells,"A decreased proportion of circulating CD8-positive, alpha-beta T cells relative to total number of T cells.","Decreased proportion of CD8-positive, alpha-beta T cells"
http://purl.obolibrary.org/obo/HP_0005415,Decreased proportion of CD8-positive T cells,"A decreased proportion of circulating CD8-positive, alpha-beta T cells relative to total number of T cells.",Decreased proportion of CD8+ T cells
http://purl.obolibrary.org/obo/HP_0005415,Decreased proportion of CD8-positive T cells,"A decreased proportion of circulating CD8-positive, alpha-beta T cells relative to total number of T cells.",CD8+ T-cell lymphopenia
http://purl.obolibrary.org/obo/HP_0410385,"Decreased proportion of CD8-positive, alpha-beta memory T cells","Decreased proportion of CD8-positive, alpha-beta memory T cells compared to the total number of T cells in the blood. A CD8-positive, alpha-beta T cell with memory phenotype is CD45RO and CD127-positive. This cell type is also described as being CD25-negative, CD44-high, and CD122-high.",
http://purl.obolibrary.org/obo/HP_0500266,"Decreased proportion of CD8-positive, alpha-beta TEMRA T cells","An decreased proportion of CD8-positive, alpha-beta effector memory RA TEMRA T cells compared to the total number of T cells in the blood. These cells have the phenotype CD45RA-positive, CD45RO-negative, and CCR7-negative.","Decreased proportion effector memory CD8-positive, alpha-beta T cells, terminally differentiated"
http://purl.obolibrary.org/obo/HP_0410389,"Decreased proportion of central memory CD8-positive, alpha-beta T cells","A reduced proportion of CD8-positive, alpha-beta central memory T cells compared to the total number of T cells in the blood. These cells have the phenotype CCR7-negative, CD127-positive, CD45RA-negative, CD45RO-positive, and CD25-negative.",
http://purl.obolibrary.org/obo/HP_0030388,Decreased proportion of class-switched memory B cells,"A reduction in the normal proportion of class-switched memory B cells (CD19+/CD27+/IgM+/IgD+) relative to the total number of B cells. Marginal zone B cells undergo limited somatic hypermutation and produce high-affinity IgM and some IgG, whereas class-switched memory B cells synthetize IgG, IgM, and IgA.",Decreased proportion of CD19+CD27+IgD- cells
http://purl.obolibrary.org/obo/HP_0410390,"Decreased proportion of effector memory CD8-positive, alpha-beta T cells","A reduced proportion of CD8-positive, alpha-beta effector memory T cells compared to the total number of T cells in the blood. These cells have the phenotype CCR7-negative, CD127-positive, CD45RA-negative, CD45RO-positive, and CD25-negative.",
http://purl.obolibrary.org/obo/HP_0500271,Decreased proportion of gamma-delta T cells,Decreased proportion of gamma-delta T cells relative to the total number of T cells.,Reduced proportion of gamma-delta T cells
http://purl.obolibrary.org/obo/HP_0500271,Decreased proportion of gamma-delta T cells,Decreased proportion of gamma-delta T cells relative to the total number of T cells.,Decreased proportion of gammadelta T cells
http://purl.obolibrary.org/obo/HP_0500271,Decreased proportion of gamma-delta T cells,Decreased proportion of gamma-delta T cells relative to the total number of T cells.,Decreased proportion of gamma-delta T-lymphocytes
http://purl.obolibrary.org/obo/HP_0500271,Decreased proportion of gamma-delta T cells,Decreased proportion of gamma-delta T cells relative to the total number of T cells.,Decreased proportion of gamma-delta T-cells
http://purl.obolibrary.org/obo/HP_0500271,Decreased proportion of gamma-delta T cells,Decreased proportion of gamma-delta T cells relative to the total number of T cells.,Decreased proportion of gamma-delta T lymphocytes
http://purl.obolibrary.org/obo/HP_0030378,Decreased proportion of immature B cells,"A reduction in normal proportion of immature B cells (CD19+/ CD21low)in circulation relative to total number of B cells. Immature B cells (IgM+) are still in final stages of development within the bone marrow. Naive B cells are those which have left the bone marrow, before they bind to the antigen for which they're specific (IgM+/IgD+).",Decreased proportion of CD19+/CD21low B cells
http://purl.obolibrary.org/obo/HP_0500274,Decreased proportion of immature gamma-delta T cells,Decreased proportion of immature gamma-delta T cells relative to the total number of T cells.,Reduced proportion of immature gamma-delta T cells
http://purl.obolibrary.org/obo/HP_0500274,Decreased proportion of immature gamma-delta T cells,Decreased proportion of immature gamma-delta T cells relative to the total number of T cells.,Decreased proportion of immature gamma-delta T-lymphocytes
http://purl.obolibrary.org/obo/HP_0500274,Decreased proportion of immature gamma-delta T cells,Decreased proportion of immature gamma-delta T cells relative to the total number of T cells.,Decreased proportion of immature gamma-delta T-cells
http://purl.obolibrary.org/obo/HP_0500274,Decreased proportion of immature gamma-delta T cells,Decreased proportion of immature gamma-delta T cells relative to the total number of T cells.,Decreased proportion of immature gamma-delta T lymphocytes
http://purl.obolibrary.org/obo/HP_0030384,Decreased proportion of marginal zone B cells,A reduction in the normal proportion of marginal zone B cells (CD19+/CD27+/IgM+/IgD+) in circulation relative to the total number of B cells.,
http://purl.obolibrary.org/obo/HP_0030374,Decreased proportion of memory B cells,"A reduction in the normal proportion of memory B cells (CD19+/CD27+) in circulation relative to the total number of B cells. Memory B cells develop from naive B cells. Upon antigen rechallenge, memory B cells rapidly expand and differentiate into plasma cells under the cognate control of memory Th cells (Phase IV).",
http://purl.obolibrary.org/obo/HP_0032183,Decreased proportion of memory T cells,An abnormally reduced proportion of memory T cells compared to the total number of T cells in the blood.,Decreased proportion of CD4+CD29+ cells
http://purl.obolibrary.org/obo/HP_0030372,Decreased proportion of naive B cells,"A reduction below normal proportion of naive B cells (CD19+/CD27-/IgD+/IgM+) relative to total number of B cells. Naive B cells represent one of the subtypes of B cells in the peripheral blood, and are B cells that have not been exposed to antigen.",
http://purl.obolibrary.org/obo/HP_0410378,Decreased proportion of naive CD4 T cells,An abnormally reduced proportion of naive CD4 T cells relative to the total number of T cells.,Reduced proportion of naive CD4 T cells
http://purl.obolibrary.org/obo/HP_0410378,Decreased proportion of naive CD4 T cells,An abnormally reduced proportion of naive CD4 T cells relative to the total number of T cells.,"Decreased proportion of naive thymus-derived CD4-positive, alpha-beta T cells"
http://purl.obolibrary.org/obo/HP_0410378,Decreased proportion of naive CD4 T cells,An abnormally reduced proportion of naive CD4 T cells relative to the total number of T cells.,Decreased proportion of CD4+CD45RA+ cells
http://purl.obolibrary.org/obo/HP_0031397,Decreased proportion of naive T cells,An abnormally decreased proportion of naive T cells relative to the total number of T cells.,Reduced proportion of naive T cells
http://purl.obolibrary.org/obo/HP_0031397,Decreased proportion of naive T cells,An abnormally decreased proportion of naive T cells relative to the total number of T cells.,"Decreased proportion of naive thymus-derived, alpha-beta T cells"
http://purl.obolibrary.org/obo/HP_0032129,Decreased proportion of plasmablasts,A reduction below the normal proportion of plasmablasts in circulation relative to total number of B cells.,
http://purl.obolibrary.org/obo/HP_0030380,Decreased proportion of transitional B cells,"A reduction in the normal proportion of transitional B cells (CD19+/CD38high/IgMhigh) in circulation relative to the total number of B cells. B cells originate from precursors in the bone marrow, and the first cells which migrate to the peripheral blood have been classified as transitional B cells.",Decreased proportion of CD19+CD38+IgM+ cells
http://purl.obolibrary.org/obo/HP_0032126,Decreased proportion of unswitched memory B cells,A reduction below the normal proportion of non-class-switched memory B cells relative to the total number of B cells.,Reduced proportion of unswitched memory B cells
http://purl.obolibrary.org/obo/HP_0032126,Decreased proportion of unswitched memory B cells,A reduction below the normal proportion of non-class-switched memory B cells relative to the total number of B cells.,Decreased proportion of non-class-switched memory B cells
http://purl.obolibrary.org/obo/HP_0025625,Elevated proportion of CD4+ effector memory T cells,An abnormally increased proportion of effector memory CD4+ T cells. These are memory cells that are short-lived cells that migrate to the site of an infection and attempt to eliminate the pathogen. These cells may have a CD3/CD4/CD62L-/CD45RA phenotype.,"Increased proportion of effector CD4-positive, alpha-beta T cells"
http://purl.obolibrary.org/obo/HP_0025625,Elevated proportion of CD4+ effector memory T cells,An abnormally increased proportion of effector memory CD4+ T cells. These are memory cells that are short-lived cells that migrate to the site of an infection and attempt to eliminate the pathogen. These cells may have a CD3/CD4/CD62L-/CD45RA phenotype.,Increased proportion of CD4-positive effector memory T cells
http://purl.obolibrary.org/obo/HP_0025625,Elevated proportion of CD4+ effector memory T cells,An abnormally increased proportion of effector memory CD4+ T cells. These are memory cells that are short-lived cells that migrate to the site of an infection and attempt to eliminate the pathogen. These cells may have a CD3/CD4/CD62L-/CD45RA phenotype.,Increased proportion of CD4+ effector memory T cells
http://purl.obolibrary.org/obo/HP_0041145,fractured acetabular part of hip bone ,A partial or complete breakage of the acetabular part of hip bone.,bone acetabular part of hip bone
http://purl.obolibrary.org/obo/HP_0041153,fractured ankle joint ,A partial or complete breakage of the ankle joint.,bone ankle joint
http://purl.obolibrary.org/obo/HP_0041234,fractured bone of jaw ,A partial or complete breakage of the bone of jaw.,bone bone of jaw
http://purl.obolibrary.org/obo/HP_0041061,fractured calcaneus ,A partial or complete breakage of the calcaneus.,bone calcaneus
http://purl.obolibrary.org/obo/HP_0041248,fractured carpal bone ,A partial or complete breakage of the carpal bone.,bone carpal bone
http://purl.obolibrary.org/obo/HP_0041167,fractured cervical vertebra ,A partial or complete breakage of the cervical vertebra.,bone cervical vertebra
http://purl.obolibrary.org/obo/HP_0041144,fractured clavicle bone ,A partial or complete breakage of the clavicle bone.,bone clavicle bone
http://purl.obolibrary.org/obo/HP_0041146,fractured coccyx ,A partial or complete breakage of the coccyx.,bone coccyx
http://purl.obolibrary.org/obo/HP_0041150,fractured cuboid bone ,A partial or complete breakage of the cuboid bone.,bone cuboid bone
http://purl.obolibrary.org/obo/HP_0041216,fractured distal epiphysis of distal phalanx of manual digit 1 ,A partial or complete breakage of the distal epiphysis of distal phalanx of manual digit 1.,bone distal epiphysis of distal phalanx of manual digit 1
http://purl.obolibrary.org/obo/HP_0041196,fractured distal epiphysis of radius ,A partial or complete breakage of the distal epiphysis of radius.,bone distal epiphysis of radius
http://purl.obolibrary.org/obo/HP_0041218,fractured distal phalanx ,A partial or complete breakage of the distal phalanx.,bone distal phalanx
http://purl.obolibrary.org/obo/HP_0041176,fractured distal phalanx of manual digit 2 ,A partial or complete breakage of the distal phalanx of manual digit 2.,bone distal phalanx of manual digit 2
http://purl.obolibrary.org/obo/HP_0041177,fractured distal phalanx of manual digit 3 ,A partial or complete breakage of the distal phalanx of manual digit 3.,bone distal phalanx of manual digit 3
http://purl.obolibrary.org/obo/HP_0041178,fractured distal phalanx of manual digit 4 ,A partial or complete breakage of the distal phalanx of manual digit 4.,bone distal phalanx of manual digit 4
http://purl.obolibrary.org/obo/HP_0041179,fractured distal phalanx of manual digit 5 ,A partial or complete breakage of the distal phalanx of manual digit 5.,bone distal phalanx of manual digit 5
http://purl.obolibrary.org/obo/HP_0041174,fractured distal phalanx of manus ,A partial or complete breakage of the distal phalanx of manus.,bone distal phalanx of manus
http://purl.obolibrary.org/obo/HP_0041180,fractured distal phalanx of pedal digit 1 ,A partial or complete breakage of the distal phalanx of pedal digit 1.,bone distal phalanx of pedal digit 1
http://purl.obolibrary.org/obo/HP_0041181,fractured distal phalanx of pedal digit 3 ,A partial or complete breakage of the distal phalanx of pedal digit 3.,bone distal phalanx of pedal digit 3
http://purl.obolibrary.org/obo/HP_0041226,fractured distal tarsal bone ,A partial or complete breakage of the distal tarsal bone.,bone distal tarsal bone
http://purl.obolibrary.org/obo/HP_0041227,fractured distal tarsal bone 2 ,A partial or complete breakage of the distal tarsal bone 2.,bone distal tarsal bone 2
http://purl.obolibrary.org/obo/HP_0041228,fractured distal tarsal bone 3 ,A partial or complete breakage of the distal tarsal bone 3.,bone distal tarsal bone 3
http://purl.obolibrary.org/obo/HP_0041219,fractured elbow ,A partial or complete breakage of the elbow.,bone elbow
http://purl.obolibrary.org/obo/HP_0041154,fractured elbow joint ,A partial or complete breakage of the elbow joint.,bone elbow joint
http://purl.obolibrary.org/obo/HP_0041147,fractured epiphysis ,A partial or complete breakage of the epiphysis.,bone epiphysis
http://purl.obolibrary.org/obo/HP_0041189,fractured epiphysis of femur ,A partial or complete breakage of the epiphysis of femur.,bone epiphysis of femur
http://purl.obolibrary.org/obo/HP_0041121,fractured epiphysis of fifth metacarpal bone ,A partial or complete breakage of the epiphysis of fifth metacarpal bone.,bone epiphysis of fifth metacarpal bone
http://purl.obolibrary.org/obo/HP_0041193,fractured epiphysis of first metatarsal bone ,A partial or complete breakage of the epiphysis of first metatarsal bone.,bone epiphysis of first metatarsal bone
http://purl.obolibrary.org/obo/HP_0041192,fractured epiphysis of fourth metacarpal bone ,A partial or complete breakage of the epiphysis of fourth metacarpal bone.,bone epiphysis of fourth metacarpal bone
http://purl.obolibrary.org/obo/HP_0041209,fractured epiphysis of middle phalanx of manus ,A partial or complete breakage of the epiphysis of middle phalanx of manus.,bone epiphysis of middle phalanx of manus
http://purl.obolibrary.org/obo/HP_0041190,fractured epiphysis of second metacarpal bone ,A partial or complete breakage of the epiphysis of second metacarpal bone.,bone epiphysis of second metacarpal bone
http://purl.obolibrary.org/obo/HP_0041194,fractured epiphysis of second metatarsal bone ,A partial or complete breakage of the epiphysis of second metatarsal bone.,bone epiphysis of second metatarsal bone
http://purl.obolibrary.org/obo/HP_0041191,fractured epiphysis of third metacarpal bone ,A partial or complete breakage of the epiphysis of third metacarpal bone.,bone epiphysis of third metacarpal bone
http://purl.obolibrary.org/obo/HP_0041195,fractured epiphysis of third metatarsal bone ,A partial or complete breakage of the epiphysis of third metatarsal bone.,bone epiphysis of third metatarsal bone
http://purl.obolibrary.org/obo/HP_0041220,fractured facial bone ,A partial or complete breakage of the facial bone.,bone facial bone
http://purl.obolibrary.org/obo/HP_0041222,fractured fibula ,A partial or complete breakage of the fibula.,bone fibula
http://purl.obolibrary.org/obo/HP_0041215,fractured fused metatarsal bones 2-4 ,A partial or complete breakage of the fused metatarsal bones 2-4.,bone fused metatarsal bones 2-4
http://purl.obolibrary.org/obo/HP_0041172,fractured fused sacrum ,A partial or complete breakage of the fused sacrum.,bone fused sacrum
http://purl.obolibrary.org/obo/HP_0041053,fractured head ,A partial or complete breakage of the head.,bone head
http://purl.obolibrary.org/obo/HP_0041221,fractured head of femur ,A partial or complete breakage of the head of femur.,bone head of femur
http://purl.obolibrary.org/obo/HP_0041235,fractured hindlimb bone ,A partial or complete breakage of the hindlimb bone.,bone hindlimb bone
http://purl.obolibrary.org/obo/HP_0041055,fractured humerus ,A partial or complete breakage of the humerus.,bone humerus
http://purl.obolibrary.org/obo/HP_0041233,fractured ilium ,A partial or complete breakage of the ilium.,bone ilium
http://purl.obolibrary.org/obo/HP_0041199,fractured interphalangeal joint ,A partial or complete breakage of the interphalangeal joint.,bone interphalangeal joint
http://purl.obolibrary.org/obo/HP_0041064,fractured knee ,A partial or complete breakage of the knee.,bone knee
http://purl.obolibrary.org/obo/HP_0041157,fractured larynx ,A partial or complete breakage of the larynx.,bone larynx
http://purl.obolibrary.org/obo/HP_0041210,fractured lateral malleolus of fibula ,A partial or complete breakage of the lateral malleolus of fibula.,bone lateral malleolus of fibula
http://purl.obolibrary.org/obo/HP_0041116,fractured left clavicle ,A partial or complete breakage of the left clavicle.,bone left clavicle
http://purl.obolibrary.org/obo/HP_0041117,fractured lower limb segment ,A partial or complete breakage of the lower limb segment.,bone lower limb segment
http://purl.obolibrary.org/obo/HP_0041168,fractured lumbar vertebra ,A partial or complete breakage of the lumbar vertebra.,bone lumbar vertebra
http://purl.obolibrary.org/obo/HP_0041155,fractured mandible ,A partial or complete breakage of the mandible.,bone mandible
http://purl.obolibrary.org/obo/HP_0041163,fractured manual digit ,A partial or complete breakage of the manual digit.,bone manual digit
http://purl.obolibrary.org/obo/HP_0041239,fractured manual digit 1 phalanx ,A partial or complete breakage of the manual digit 1 phalanx.,bone manual digit 1 phalanx
http://purl.obolibrary.org/obo/HP_0041224,fractured manual digit bone ,A partial or complete breakage of the manual digit bone.,bone manual digit bone
http://purl.obolibrary.org/obo/HP_0041165,fractured maxilla ,A partial or complete breakage of the maxilla.,bone maxilla
http://purl.obolibrary.org/obo/HP_0041225,fractured metacarpal bone of digit 1 ,A partial or complete breakage of the metacarpal bone of digit 1.,bone metacarpal bone of digit 1
http://purl.obolibrary.org/obo/HP_0041173,fractured metacarpophalangeal joint ,A partial or complete breakage of the metacarpophalangeal joint.,bone metacarpophalangeal joint
http://purl.obolibrary.org/obo/HP_0041119,fractured metacarpus skeleton ,A partial or complete breakage of the metacarpus skeleton.,bone metacarpus skeleton
http://purl.obolibrary.org/obo/HP_0041114,fractured metaphysis of femur ,A partial or complete breakage of the metaphysis of femur.,bone metaphysis of femur
http://purl.obolibrary.org/obo/HP_0041231,fractured metatarsal bone of digit 1 ,A partial or complete breakage of the metatarsal bone of digit 1.,bone metatarsal bone of digit 1
http://purl.obolibrary.org/obo/HP_0041230,fractured metatarsal bone of digit 4 ,A partial or complete breakage of the metatarsal bone of digit 4.,bone metatarsal bone of digit 4
http://purl.obolibrary.org/obo/HP_0041223,fractured metatarsal bone of digit 5 ,A partial or complete breakage of the metatarsal bone of digit 5.,bone metatarsal bone of digit 5
http://purl.obolibrary.org/obo/HP_0041182,fractured middle phalanx of manual digit 2 ,A partial or complete breakage of the middle phalanx of manual digit 2.,bone middle phalanx of manual digit 2
http://purl.obolibrary.org/obo/HP_0041183,fractured middle phalanx of manual digit 3 ,A partial or complete breakage of the middle phalanx of manual digit 3.,bone middle phalanx of manual digit 3
http://purl.obolibrary.org/obo/HP_0041184,fractured middle phalanx of manual digit 4 ,A partial or complete breakage of the middle phalanx of manual digit 4.,bone middle phalanx of manual digit 4
http://purl.obolibrary.org/obo/HP_0041185,fractured middle phalanx of manual digit 5 ,A partial or complete breakage of the middle phalanx of manual digit 5.,bone middle phalanx of manual digit 5
http://purl.obolibrary.org/obo/HP_0041236,fractured middle phalanx of manus ,A partial or complete breakage of the middle phalanx of manus.,bone middle phalanx of manus
http://purl.obolibrary.org/obo/HP_0041186,fractured middle phalanx of pedal digit 3 ,A partial or complete breakage of the middle phalanx of pedal digit 3.,bone middle phalanx of pedal digit 3
http://purl.obolibrary.org/obo/HP_0041175,fractured middle phalanx of pes ,A partial or complete breakage of the middle phalanx of pes.,bone middle phalanx of pes
http://purl.obolibrary.org/obo/HP_0041149,fractured navicular bone of pes ,A partial or complete breakage of the navicular bone of pes.,bone navicular bone of pes
http://purl.obolibrary.org/obo/HP_0041249,fractured nose ,A partial or complete breakage of the nose.,bone nose
http://purl.obolibrary.org/obo/HP_0041156,fractured orbit of skull ,A partial or complete breakage of the orbit of skull.,bone orbit of skull
http://purl.obolibrary.org/obo/HP_0041237,fractured patella ,A partial or complete breakage of the patella.,bone patella
http://purl.obolibrary.org/obo/HP_0041161,fractured pelvic region of trunk ,A partial or complete breakage of the pelvic region of trunk.,bone pelvic region of trunk
http://purl.obolibrary.org/obo/HP_0041162,fractured pes ,A partial or complete breakage of the pes.,bone pes
http://purl.obolibrary.org/obo/HP_0041083,fractured phalanx ,A partial or complete breakage of the phalanx.,bone phalanx
http://purl.obolibrary.org/obo/HP_0041241,fractured phalanx of manus ,A partial or complete breakage of the phalanx of manus.,bone phalanx of manus
http://purl.obolibrary.org/obo/HP_0041240,fractured phalanx of pes ,A partial or complete breakage of the phalanx of pes.,bone phalanx of pes
http://purl.obolibrary.org/obo/HP_0041197,fractured proximal epiphysis of first metacarpal bone ,A partial or complete breakage of the proximal epiphysis of first metacarpal bone.,bone proximal epiphysis of first metacarpal bone
http://purl.obolibrary.org/obo/HP_0041198,fractured proximal epiphysis of middle phalanx of manual digit 3 ,A partial or complete breakage of the proximal epiphysis of middle phalanx of manual digit 3.,bone proximal epiphysis of middle phalanx of manual digit 3
http://purl.obolibrary.org/obo/HP_0041211,fractured proximal phalanx of digit 2 ,A partial or complete breakage of the proximal phalanx of digit 2.,bone proximal phalanx of digit 2
http://purl.obolibrary.org/obo/HP_0041212,fractured proximal phalanx of digit 3 ,A partial or complete breakage of the proximal phalanx of digit 3.,bone proximal phalanx of digit 3
http://purl.obolibrary.org/obo/HP_0041213,fractured proximal phalanx of digit 4 ,A partial or complete breakage of the proximal phalanx of digit 4.,bone proximal phalanx of digit 4
http://purl.obolibrary.org/obo/HP_0041214,fractured proximal phalanx of digit 5 ,A partial or complete breakage of the proximal phalanx of digit 5.,bone proximal phalanx of digit 5
http://purl.obolibrary.org/obo/HP_0041188,fractured proximal phalanx of manual digit 1 ,A partial or complete breakage of the proximal phalanx of manual digit 1.,bone proximal phalanx of manual digit 1
http://purl.obolibrary.org/obo/HP_0041243,fractured proximal phalanx of manus ,A partial or complete breakage of the proximal phalanx of manus.,bone proximal phalanx of manus
http://purl.obolibrary.org/obo/HP_0041187,fractured proximal phalanx of pedal digit 1 ,A partial or complete breakage of the proximal phalanx of pedal digit 1.,bone proximal phalanx of pedal digit 1
http://purl.obolibrary.org/obo/HP_0041159,fractured rib ,A partial or complete breakage of the rib.,bone rib
http://purl.obolibrary.org/obo/HP_0041115,fractured right clavicle ,A partial or complete breakage of the right clavicle.,bone right clavicle
http://purl.obolibrary.org/obo/HP_0041244,fractured scapula ,A partial or complete breakage of the scapula.,bone scapula
http://purl.obolibrary.org/obo/HP_0041245,fractured shoulder bone ,A partial or complete breakage of the shoulder bone.,bone shoulder bone
http://purl.obolibrary.org/obo/HP_0041217,fractured shoulder joint ,A partial or complete breakage of the shoulder joint.,bone shoulder joint
http://purl.obolibrary.org/obo/HP_0041232,fractured skeleton of manual acropodium ,A partial or complete breakage of the skeleton of manual acropodium.,bone skeleton of manual acropodium
http://purl.obolibrary.org/obo/HP_0041082,fractured skull ,A partial or complete breakage of the skull.,bone skull
http://purl.obolibrary.org/obo/HP_0041200,fractured sternal end of clavicle ,A partial or complete breakage of the sternal end of clavicle.,bone sternal end of clavicle
http://purl.obolibrary.org/obo/HP_0041152,fractured sternoclavicular joint ,A partial or complete breakage of the sternoclavicular joint.,bone sternoclavicular joint
http://purl.obolibrary.org/obo/HP_0041246,fractured sternum ,A partial or complete breakage of the sternum.,bone sternum
http://purl.obolibrary.org/obo/HP_0041164,fractured talus ,A partial or complete breakage of the talus.,bone talus
http://purl.obolibrary.org/obo/HP_0041247,fractured tarsal bone ,A partial or complete breakage of the tarsal bone.,bone tarsal bone
http://purl.obolibrary.org/obo/HP_0041054,fractured thoracic segment of trunk ,A partial or complete breakage of the thoracic segment of trunk.,bone thoracic segment of trunk
http://purl.obolibrary.org/obo/HP_0041073,fractured thoracic vertebra ,A partial or complete breakage of the thoracic vertebra.,bone thoracic vertebra
http://purl.obolibrary.org/obo/HP_0041143,fractured tibia ,A partial or complete breakage of the tibia.,bone tibia
http://purl.obolibrary.org/obo/HP_0041158,fractured trunk ,A partial or complete breakage of the trunk.,bone trunk
http://purl.obolibrary.org/obo/HP_0003987,Fractured ulna,,
http://purl.obolibrary.org/obo/HP_0041118,fractured upper limb segment ,A partial or complete breakage of the upper limb segment.,bone upper limb segment
http://purl.obolibrary.org/obo/HP_0041166,fractured vertebra ,A partial or complete breakage of the vertebra.,bone vertebra
http://purl.obolibrary.org/obo/HP_0500264,Increased helper T cell proportion,Increased proportion of helper T cells relative to the total number of T cells.,Increased proportion T-helper cells
http://purl.obolibrary.org/obo/HP_0500264,Increased helper T cell proportion,Increased proportion of helper T cells relative to the total number of T cells.,Elevated helper T cell proportion
http://purl.obolibrary.org/obo/HP_0032219,Increased proportion of CD4-positive T cells,An elevation in the proportion of CD4-positive T cells relative to the total number of T cells.,"Increased proportion of CD4-positive, alpha-beta T cells"
http://purl.obolibrary.org/obo/HP_0032219,Increased proportion of CD4-positive T cells,An elevation in the proportion of CD4-positive T cells relative to the total number of T cells.,Increased proportion of CD4+ T cells
http://purl.obolibrary.org/obo/HP_0032219,Increased proportion of CD4-positive T cells,An elevation in the proportion of CD4-positive T cells relative to the total number of T cells.,Elevated proportion of CD4-positive T cells
http://purl.obolibrary.org/obo/HP_0410391,"Increased proportion of CD4-positive, alpha-beta memory T cells","An abnormally elevated proportion of CD4-positive, alpha-beta memory T cells compared to the total number of T cells in the blood. These cells have the phenotype of CD45RO-positive and CD127-positive. This cell type is also described as being CD25-negative, CD44-high, and CD122-high.",
http://purl.obolibrary.org/obo/HP_0025621,Increased proportion of CD4+ central memory cells,An abnormally increased proportion of central memory CD4+ T cells. These are memory cells that are located in the secondary lymphoid organs. These cells may have a CD3/CD4/CD62L+/CD45RA- phenotype.,"Increased proportion of central memory CD4+, alpha-beta T cell"
http://purl.obolibrary.org/obo/HP_0025621,Increased proportion of CD4+ central memory cells,An abnormally increased proportion of central memory CD4+ T cells. These are memory cells that are located in the secondary lymphoid organs. These cells may have a CD3/CD4/CD62L+/CD45RA- phenotype.,Elevated proportion of CD4+ central memory cells
http://purl.obolibrary.org/obo/HP_0025621,Increased proportion of CD4+ central memory cells,An abnormally increased proportion of central memory CD4+ T cells. These are memory cells that are located in the secondary lymphoid organs. These cells may have a CD3/CD4/CD62L+/CD45RA- phenotype.,"Elevated proportion central memory CD4-positive, alpha-beta T cells"
http://purl.obolibrary.org/obo/HP_0020112,Increased proportion of CD4+CD25+ regulatory T cells,"An abnormally increased proportion of CD4-positive, CD25-positive, alpha-beta regulatory T cells in circulation, relative to another population of cells.",Increased proportion of CD4+CD25+ Treg cells
http://purl.obolibrary.org/obo/HP_0020112,Increased proportion of CD4+CD25+ regulatory T cells,"An abnormally increased proportion of CD4-positive, CD25-positive, alpha-beta regulatory T cells in circulation, relative to another population of cells.",Elevated proportion of CD4+CD25+ regulatory T cells
http://purl.obolibrary.org/obo/HP_0410392,"Increased proportion of CD8-positive, alpha-beta memory T cells","An abnormally elevated proportion of CD8-positive, alpha-beta memory T cells compared to the total number of T cells in the blood. These cells have the phenotype CD45RO and CD127-positive. This cell type is also described as being CD25-negative, CD44-high, and CD122-high.",
http://purl.obolibrary.org/obo/HP_0500265,"Increased proportion of CD8-positive, alpha-beta TEMRA T cells","An increased proportion of CD8-positive, alpha-beta effector memory RA TEMRA T cells compared to the total number of T cells in the blood. These cells have the phenotype CD45RA-positive, CD45RO-negative, and CCR7-negative.","Increased proportion of effector memory CD8-positive, alpha-beta T cells, terminally differentiated"
http://purl.obolibrary.org/obo/HP_0410396,"Increased proportion of central memory CD8-positive, alpha-beta T cells","An increased proportion of central memory CD8-positive, alpha-beta T cells compared to the total number of T cells in the blood. These cells have the phenotype CCR7-positive, CD127-positive, CD45RA-negative, CD45RO-positive, and CD25-negative.",
http://purl.obolibrary.org/obo/HP_0030387,Increased proportion of class-switched memory B cells,"An increase in the normal proportion of class-switched memory B cells (CD19+/CD27+/IgM+/IgD+) relative to the total number of B cells. Marginal zone B cells undergo limited somatic hypermutation and produce high-affinity IgM and some IgG, whereas class-switched memory B cells synthetize IgG, IgM, and IgA.",Increased proportion of CD19+CD27+IgD- cells
http://purl.obolibrary.org/obo/HP_0410395,"Increased proportion of effector memory CD8-positive, alpha-beta T cells","An increased proportion of effector memory CD8-positive, alpha-beta T cells compared to the total number of T cells in the blood. These cells have the phenotype CCR7-negative, CD127-positive, CD45RA-negative, CD45RO-positive, and CD25-negative.",
http://purl.obolibrary.org/obo/HP_0031514,Increased proportion of exhausted T cells,"An abnormally elevated proportion of exhausted T cells (Tex) among circulating T cells. T cell exhaustion is a distinct differentiation state that can be distinguished from naive, effector, and memory T cells. Compared to effector (TE) and memory (TMEM) T cells, exhausted T cells (TEX) display impaired effector functions (e.g., rapid production of effector cytokines, cytotoxicity). TEX have limited proliferative potential, especially compared to some subsets of TMEM and naive T cells.",
http://purl.obolibrary.org/obo/HP_0031514,Increased proportion of exhausted T cells,A deviation from the normal proportion of exhausted T cell relative to T cell in the blood.,
http://purl.obolibrary.org/obo/HP_0500270,Increased proportion of gamma-delta T cells,Increased proportion of gamma-delta T cells relative to the total number of T cells.,Increased proportion of gammadelta T cells
http://purl.obolibrary.org/obo/HP_0500270,Increased proportion of gamma-delta T cells,Increased proportion of gamma-delta T cells relative to the total number of T cells.,Increased proportion of gamma-delta T-lymphocytes
http://purl.obolibrary.org/obo/HP_0500270,Increased proportion of gamma-delta T cells,Increased proportion of gamma-delta T cells relative to the total number of T cells.,Increased proportion of gamma-delta T-cells
http://purl.obolibrary.org/obo/HP_0500270,Increased proportion of gamma-delta T cells,Increased proportion of gamma-delta T cells relative to the total number of T cells.,Increased proportion of gamma-delta T lymphocytes
http://purl.obolibrary.org/obo/HP_0500270,Increased proportion of gamma-delta T cells,Increased proportion of gamma-delta T cells relative to the total number of T cells.,Elevated proportion of gamma-delta T cells
http://purl.obolibrary.org/obo/HP_0030377,Increased proportion of immature B cells,"An elevation in the proportion above normal of immature B cells (CD19+/ CD21low) in circulation relative to total number of B cells. Immature B cells (IgM+) are still in final stages of development within the bone marrow. Naive B cells are those which have left the bone marrow, before they bind to the antigen for which they're specific (IgM+/IgD+).",Increased proportion of CD19+/CD21low B cells
http://purl.obolibrary.org/obo/HP_0500273,Increased proportion of immature gamma-delta T cells,Increased proportion of immature gamma-delta T cells relative to the total number of T cells.,Increased proportion of immature gamma-delta T-lymphocytes
http://purl.obolibrary.org/obo/HP_0500273,Increased proportion of immature gamma-delta T cells,Increased proportion of immature gamma-delta T cells relative to the total number of T cells.,Increased proportion of immature gamma-delta T-cells
http://purl.obolibrary.org/obo/HP_0500273,Increased proportion of immature gamma-delta T cells,Increased proportion of immature gamma-delta T cells relative to the total number of T cells.,Increased proportion of immature gamma-delat T lymphocytes
http://purl.obolibrary.org/obo/HP_0500273,Increased proportion of immature gamma-delta T cells,Increased proportion of immature gamma-delta T cells relative to the total number of T cells.,Elevated proportion of immature gamma-delta T cells
http://purl.obolibrary.org/obo/HP_0030385,Increased proportion of marginal zone B cells,An elevation in the normal proportion of marginal zone B cells (CD19+/CD27+/IgM+/IgD+) in circulation relative to the total number of B cells.,
http://purl.obolibrary.org/obo/HP_0030375,Increased proportion of memory B cells,"An elevation in the proportion of memory B cells (CD19+/CD27+) in circulation relative to the total number of B cells. Memory B cells develop from naive B cells. Upon antigen rechallenge, memory B cells rapidly expand and differentiate into plasma cells under the cognate control of memory Th cells (Phase IV).",
http://purl.obolibrary.org/obo/HP_0032184,Increased proportion of memory T cells,An abnormally elevated proportion of memory T cells compared to the total number of T cells in the blood.,Increased proportion of CD4+CD29+ cells
http://purl.obolibrary.org/obo/HP_0030371,Increased proportion of naive B cells,"An elevation above the normal proportion of naive B cells (CD19+/CD27-/IgD+/IgM+) relative to total number of B cells. Naive B cells represent one of the subtypes of B cells in the peripheral blood, and are B cells that have not been exposed to antigen.",
http://purl.obolibrary.org/obo/HP_0410375,Increased proportion of naive CD4 T cells,,"Increased proportion of naive thymus-derived CD4-positive, alpha-beta T cells"
http://purl.obolibrary.org/obo/HP_0410375,Increased proportion of naive CD4 T cells,,Increased proportion of CD4+CD45RA+ cells
http://purl.obolibrary.org/obo/HP_0410375,Increased proportion of naive CD4 T cells,,Elevated proportion of naive CD4 T cells
http://purl.obolibrary.org/obo/HP_0031398,Increased proportion of naive T cells,An abnormally increased proportion of naive T cells relative to the total number of T cells.,"Increased proportion of naive thymus-derived, alpha-beta T cells"
http://purl.obolibrary.org/obo/HP_0031398,Increased proportion of naive T cells,An abnormally increased proportion of naive T cells relative to the total number of T cells.,Elevated proportion of naive T cells
http://purl.obolibrary.org/obo/HP_0032128,Increased proportion of plasmablasts,An elevation above the normal proportion of plasmablasts in circulation relative to total number of B cells.,
http://purl.obolibrary.org/obo/HP_0030381,Increased proportion of transitional B cells,"An elevation in the normal proportion of transitional B cells (CD19+/CD38high/IgMhigh) in circulation relative to the total number of B cells. B cells originate from precursors in the bone marrow, and the first cells which migrate to the peripheral blood have been classified as transitional B cells.",Increased proportion of CD19+CD38+IgM+ cells
http://purl.obolibrary.org/obo/HP_0032125,Increased proportion of unswitched memory B cells,An increase above the normal proportion of non-class-switched memory B cells relative to the total number of B cells.,Increased proportion of non-class-switched memory B cells
http://purl.obolibrary.org/obo/HP_0032125,Increased proportion of unswitched memory B cells,An increase above the normal proportion of non-class-switched memory B cells relative to the total number of B cells.,Elevated proportion of unswitched memory B cells
http://purl.obolibrary.org/obo/HP_0025624,Reduced proportion of CD4+ effector memory T cells,An abnormally decreased proportion of effector memory CD4+ T cells. These are memory cells that are short-lived cells that migrate to the site of an infection and attempt to eliminate the pathogen. These cells may have a CD3/CD4/CD62L-/CD45RA phenotype.,Decreased proportion of CD4-positive effector memory T cells
http://purl.obolibrary.org/obo/HP_0025624,Reduced proportion of CD4+ effector memory T cells,An abnormally decreased proportion of effector memory CD4+ T cells. These are memory cells that are short-lived cells that migrate to the site of an infection and attempt to eliminate the pathogen. These cells may have a CD3/CD4/CD62L-/CD45RA phenotype.,Decreased proportion of CD4+ effector memory T cells