?term	?property	?value	?source_value	?translation	?translation_status
<http://purl.obolibrary.org/obo/HP_0410003>	<http://www.w3.org/2000/01/rdf-schema#label>	"obsolete Cleft maxillary alveolus"	"Cleft maxillary alveolus"	"上牙槽突裂"@zh	"OFFICIAL"
<http://purl.obolibrary.org/obo/HP_0005042>	<http://www.w3.org/2000/01/rdf-schema#label>	"Irregular, rachitic-like metaphyses"	"\"Irregular, rachitic-like metaphyses\""	"不规则佝偻病样干骺端"@zh	"OFFICIAL"
<http://purl.obolibrary.org/obo/HP_0001780>	<http://www.w3.org/2000/01/rdf-schema#label>	"Abnormal toe morphology"	"Abnormality of toe"	"脚趾异常"@zh	"OFFICIAL"
<http://purl.obolibrary.org/obo/HP_0010161>	<http://www.w3.org/2000/01/rdf-schema#label>	"Abnormal toe phalanx morphology"	"Abnormality of the phalanges of the toes"	"趾骨异常"@zh	"OFFICIAL"
<http://purl.obolibrary.org/obo/HP_0000326>	<http://www.w3.org/2000/01/rdf-schema#label>	"Abnormal maxilla morphology"	"Abnormality of the maxilla"	"上颌骨异常"@zh	"OFFICIAL"
<http://purl.obolibrary.org/obo/HP_0031431>	<http://www.w3.org/2000/01/rdf-schema#label>	"Persistent repetition of words or sounds"	"Persistent repetition of words"	"持续重复言语"@zh	"OFFICIAL"
<http://purl.obolibrary.org/obo/HP_0045057>	<http://www.w3.org/2000/01/rdf-schema#label>	"Decreased circulating alpha-fetoprotein concentration"	"Decreased levels of alpha-fetoprotein"	"甲胎蛋白水平下降"@zh	"OFFICIAL"
<http://purl.obolibrary.org/obo/HP_0006889>	<http://www.w3.org/2000/01/rdf-schema#label>	"Intellectual disability, borderline"	"\"Intellectual disability, borderline\""	"边缘状态智力障碍"@zh	"OFFICIAL"
<http://purl.obolibrary.org/obo/HP_4000070>	<http://www.w3.org/2000/01/rdf-schema#label>	"Fixated interests"	"Circumscribed interests"	"兴趣狭隘"@zh	"OFFICIAL"
<http://purl.obolibrary.org/obo/HP_0032928>	<http://www.w3.org/2000/01/rdf-schema#label>	"Elevated CSF neurofilament light chain concentration"	"Elevated CSF neurofilamant light chain"	"脑脊液神经丝轻链升高"@zh	"OFFICIAL"
<http://purl.obolibrary.org/obo/HP_0030001>	<http://www.w3.org/2000/01/rdf-schema#label>	"Lagophthalmos"	"Lagopthalmos"	"睑裂闭合不全"@zh	"OFFICIAL"
<http://purl.obolibrary.org/obo/HP_4000080>	<http://www.w3.org/2000/01/rdf-schema#label>	"Reduced social initiation"	"Lack of social initiations"	"社交主动性缺少"@zh	"OFFICIAL"
<http://purl.obolibrary.org/obo/HP_0001611>	<http://www.w3.org/2000/01/rdf-schema#label>	"Hypernasal speech"	"Nasal speech"	"鼻音"@zh	"OFFICIAL"
<http://purl.obolibrary.org/obo/HP_0410383>	<http://www.w3.org/2000/01/rdf-schema#label>	"Abnormal proportion of effector memory CD8-positive, alpha-beta T cells"	"\"Abnormal proportion of effector memory CD8-positive, alpha-beta T cells\""	"效应记忆性CD8+的α-β T细胞比例异常"@zh	"OFFICIAL"
<http://purl.obolibrary.org/obo/HP_0032437>	<http://www.w3.org/2000/01/rdf-schema#label>	"Reduced circulating C-reactive protein concecntration"	"Reduced C-reactive protein level"	"C反应蛋白水平降低"@zh	"OFFICIAL"
<http://purl.obolibrary.org/obo/HP_4000090>	<http://www.w3.org/2000/01/rdf-schema#label>	"Abnormal gesture use"	"Abnormal communicative gestures"	"异常的交流手势"@zh	"OFFICIAL"
<http://purl.obolibrary.org/obo/HP_0010319>	<http://www.w3.org/2000/01/rdf-schema#label>	"Abnormal second toe morphology"	"Abnormality of the 2nd toe"	"第二趾异常"@zh	"OFFICIAL"
<http://purl.obolibrary.org/obo/HP_0410379>	<http://www.w3.org/2000/01/rdf-schema#label>	"Abnormal proportion of CD4-positive, alpha-beta memory T cells"	"\"Abnormal proportion of CD4-positive, alpha-beta memory T cells\""	"CD4+，α-β记忆性T细胞比例异常"@zh	"OFFICIAL"
<http://purl.obolibrary.org/obo/HP_0004495>	<http://www.w3.org/2000/01/rdf-schema#label>	"obsolete Thin anteverted nares"	"Thin anteverted nares"	"薄而前仰的鼻孔"@zh	"OFFICIAL"
<http://purl.obolibrary.org/obo/HP_0003174>	<http://www.w3.org/2000/01/rdf-schema#label>	"Abnormal ischium morphology"	"Abnormality of the ischium"	"坐骨异常"@zh	"OFFICIAL"
<http://purl.obolibrary.org/obo/HP_0012308>	<http://www.w3.org/2000/01/rdf-schema#label>	"Decreased circulating complement C9 concentration"	"Decreased serum complement C9"	"血清补体C9降低"@zh	"OFFICIAL"
<http://purl.obolibrary.org/obo/HP_0045043>	<http://www.w3.org/2000/01/rdf-schema#label>	"Decreased circulating complement C4a concentration"	"Decreased serum complement C4a"	"血清补体C4a减少"@zh	"OFFICIAL"
<http://purl.obolibrary.org/obo/HP_0008668>	<http://www.w3.org/2000/01/rdf-schema#label>	"Gonadal dysgenesis, male"	"\"Gonadal dysgenesis, male\""	"男性性腺发育不良"@zh	"OFFICIAL"
<http://purl.obolibrary.org/obo/HP_0032937>	<http://www.w3.org/2000/01/rdf-schema#label>	"Recurrent, involuntary and intrusive distressing memories"	"\"Recurrent, involuntary and intrusive distressing memories\""	"反复的、不自主的和侵入性的痛苦记忆"@zh	"OFFICIAL"
<http://purl.obolibrary.org/obo/HP_4000081>	<http://www.w3.org/2000/01/rdf-schema#label>	"Reduced production of gestures"	"Reduced use of typical gestures"	"典型手势使用减少"@zh	"OFFICIAL"
<http://purl.obolibrary.org/obo/HP_0008822>	<http://www.w3.org/2000/01/rdf-schema#label>	"Hypoplastic ischiopubic ramus"	"Hypoplastic ischiopubic rami"	"坐骨支发育不良"@zh	"OFFICIAL"
<http://purl.obolibrary.org/obo/HP_0001844>	<http://www.w3.org/2000/01/rdf-schema#label>	"Abnormal hallux morphology"	"Abnormality of the hallux"	"拇趾异常"@zh	"OFFICIAL"
<http://purl.obolibrary.org/obo/HP_0005416>	<http://www.w3.org/2000/01/rdf-schema#label>	"Decreased circulating complement factor B concentration"	"Decreased serum complement factor B"	"血清补体因子B降低"@zh	"OFFICIAL"
<http://purl.obolibrary.org/obo/HP_0000733>	<http://www.w3.org/2000/01/rdf-schema#label>	"Abnormal repetitive mannerisms"	"Motor stereotypy"	"运动刻板"@zh	"OFFICIAL"
<http://purl.obolibrary.org/obo/HP_0100698>	<http://www.w3.org/2000/01/rdf-schema#label>	"Subcutaneous neurofibroma"	"Subcutaneous neurofibromas"	"皮下的神经纤维瘤"@zh	"OFFICIAL"
<http://purl.obolibrary.org/obo/HP_0010938>	<http://www.w3.org/2000/01/rdf-schema#label>	"Abnormal external nose morphology"	"Abnormality of the external nose"	"外鼻异常"@zh	"OFFICIAL"
<http://purl.obolibrary.org/obo/HP_0006603>	<http://www.w3.org/2000/01/rdf-schema#label>	"Flared, irregular rib ends"	"\"Flared, irregular rib ends\""	"喇叭状不规则肋骨端"@zh	"OFFICIAL"
<http://purl.obolibrary.org/obo/HP_4000075>	<http://www.w3.org/2000/01/rdf-schema#label>	"Reduced frequency of facial expressions"	"Reduced production of facial expressions"	"面部表情生成减少"@zh	"OFFICIAL"
<http://purl.obolibrary.org/obo/HP_0031432>	<http://www.w3.org/2000/01/rdf-schema#label>	"Atypical repetitive behaviors"	"Persistent repetition of actions"	"持续重复动作"@zh	"OFFICIAL"
<http://purl.obolibrary.org/obo/HP_0010321>	<http://www.w3.org/2000/01/rdf-schema#label>	"Abnormal fourth toe morphology"	"Abnormality of the 4th toe"	"第四趾异常"@zh	"OFFICIAL"
<http://purl.obolibrary.org/obo/HP_0020179>	<http://www.w3.org/2000/01/rdf-schema#label>	"Abnormal circulating haptoglobin concentration"	"Abnormal haptoglobin level"	"结合珠蛋白水平异常"@zh	"OFFICIAL"
<http://purl.obolibrary.org/obo/HP_0008817>	<http://www.w3.org/2000/01/rdf-schema#label>	"Aplastic pubic bone"	"Aplastic pubic bones"	"耻骨发育不全"@zh	"OFFICIAL"
<http://purl.obolibrary.org/obo/HP_0005369>	<http://www.w3.org/2000/01/rdf-schema#label>	"Decreased circulating complement factor H concentration"	"Decreased serum complement factor H"	"血清补体因子H减少"@zh	"OFFICIAL"
<http://purl.obolibrary.org/obo/HP_0030223>	<http://www.w3.org/2000/01/rdf-schema#label>	"Manifestations of perseverative thought or action"	"Perseveration"	"持续症现象"@zh	"OFFICIAL"
<http://purl.obolibrary.org/obo/HP_0410396>	<http://www.w3.org/2000/01/rdf-schema#label>	"Increased proportion of central memory CD8-positive, alpha-beta T cells"	"\"Increased proportion of central memory CD8-positive, alpha-beta T cells\""	"中央记忆性CD8+，α-β T细胞比例增高"@zh	"OFFICIAL"
<http://purl.obolibrary.org/obo/HP_0410386>	<http://www.w3.org/2000/01/rdf-schema#label>	"Decreased proportion of CD4-positive, alpha-beta memory T cells"	"\"Decreased proportion of CD4-positive, alpha-beta memory T cells\""	"CD4+，α-β记忆T细胞比例减低"@zh	"OFFICIAL"
<http://purl.obolibrary.org/obo/HP_0003172>	<http://www.w3.org/2000/01/rdf-schema#label>	"Abnormal pubic bone morphology"	"Abnormality of the pubic bone"	"耻骨异常"@zh	"OFFICIAL"
<http://purl.obolibrary.org/obo/HP_0010160>	<http://www.w3.org/2000/01/rdf-schema#label>	"Abnormal toe epiphysis morphology"	"Abnormality of the epiphyses of the toes"	"趾骨骨骺异常"@zh	"OFFICIAL"
<http://purl.obolibrary.org/obo/HP_0031875>	<http://www.w3.org/2000/01/rdf-schema#label>	"Abnormal circulating hepcidin concentration"	"Abnormal hepcidin level"	"铁调素水平异常"@zh	"OFFICIAL"
<http://purl.obolibrary.org/obo/HP_4000072>	<http://www.w3.org/2000/01/rdf-schema#label>	"Abnormal language feature"	"Abnormal verbal communicative behavior"	"语言交际行为异常"@zh	"OFFICIAL"
<http://purl.obolibrary.org/obo/HP_0045044>	<http://www.w3.org/2000/01/rdf-schema#label>	"Decreased circulating complement C4b concentration"	"Decreased serum complement C4b"	"血清补体 C4b 降低"@zh	"OFFICIAL"
<http://purl.obolibrary.org/obo/HP_0012544>	<http://www.w3.org/2000/01/rdf-schema#label>	"Elevated circulating aldolase concentration"	"Elevated aldolase level"	"醛缩酶水平升高"@zh	"OFFICIAL"
<http://purl.obolibrary.org/obo/HP_0045042>	<http://www.w3.org/2000/01/rdf-schema#label>	"Decreased circulating complement C4 concentration"	"Decreased serum complement C4"	"血清补体C4减少"@zh	"OFFICIAL"
<http://purl.obolibrary.org/obo/HP_0002733>	<http://www.w3.org/2000/01/rdf-schema#label>	"Abnormal lymph node morphology"	"Abnormality of the lymph nodes"	"淋巴结异常"@zh	"OFFICIAL"
<http://purl.obolibrary.org/obo/HP_0045026>	<http://www.w3.org/2000/01/rdf-schema#label>	"Abnormal mediastinum morphology"	"Abnormality of the mediastinum"	"纵膈异常"@zh	"OFFICIAL"
<http://purl.obolibrary.org/obo/HP_0410282>	<http://www.w3.org/2000/01/rdf-schema#label>	"Abnormal circulating amylase concentration"	"Abnormal circulating amylase level"	"血液淀粉酶水平异常"@zh	"OFFICIAL"
<http://purl.obolibrary.org/obo/HP_0002167>	<http://www.w3.org/2000/01/rdf-schema#label>	"Abnormality of speech or vocalization"	"Neurological speech impairment"	"神经语言障碍"@zh	"OFFICIAL"
<http://purl.obolibrary.org/obo/HP_0012760>	<http://www.w3.org/2000/01/rdf-schema#label>	"Reduced social reciprocity"	"Impaired social reciprocity"	"社会交互作用障碍"@zh	"OFFICIAL"
<http://purl.obolibrary.org/obo/HP_0008569>	<http://www.w3.org/2000/01/rdf-schema#label>	"Microtia, second degree"	"\"Microtia, second degree\""	"小耳畸形，2级"@zh	"OFFICIAL"
<http://purl.obolibrary.org/obo/HP_0012808>	<http://www.w3.org/2000/01/rdf-schema#label>	"Abnormal nasal base norphology"	"Abnormal nasal base"	"鼻基异常"@zh	"OFFICIAL"
<http://purl.obolibrary.org/obo/HP_0008344>	<http://www.w3.org/2000/01/rdf-schema#label>	"Elevated circulating branched chain amino acid concentration"	"Elevated plasma branched chain amino acids"	"血浆支链氨基酸水平升高"@zh	"OFFICIAL"
<http://purl.obolibrary.org/obo/HP_0031213>	<http://www.w3.org/2000/01/rdf-schema#label>	"Elevated circulating 17-hydroxyprogesterone concentration"	"Elevated circulating 17-hydroxyprogesterone"	"循环17-羟孕酮升高"@zh	"OFFICIAL"
<http://purl.obolibrary.org/obo/HP_0025455>	<http://www.w3.org/2000/01/rdf-schema#label>	"Decreased CSF 5-hydroxyindolacetic acid concentration"@en	"Decreased CSF 5-hydroxyindolacetic acid"	"脑脊液中5-羟基吲哚乙酸下降"@zh	"OFFICIAL"
<http://purl.obolibrary.org/obo/HP_0001027>	<http://www.w3.org/2000/01/rdf-schema#label>	"Soft, doughy skin"	"\"Soft, doughy skin\""	"面团样柔性皮肤"@zh	"OFFICIAL"
<http://purl.obolibrary.org/obo/HP_0012545>	<http://www.w3.org/2000/01/rdf-schema#label>	"Reduced circulating aldolase concentration"	"Reduced aldolase level"	"醛缩酶水平降低"@zh	"OFFICIAL"
<http://purl.obolibrary.org/obo/HP_0410388>	<http://www.w3.org/2000/01/rdf-schema#label>	"Decreased proportion of central memory CD4-positive, alpha-beta T cells"	"\"Decreased proportion of central memory CD4-positive, alpha-beta T cells\""	"中央记忆性CD4+，α-β T细胞比例减低"@zh	"OFFICIAL"
<http://purl.obolibrary.org/obo/HP_0008112>	<http://www.w3.org/2000/01/rdf-schema#label>	"Plantar flexion contracture"	"Plantar flexion contractures"	"跖屈挛缩"@zh	"OFFICIAL"
<http://purl.obolibrary.org/obo/HP_0033984>	<http://www.w3.org/2000/01/rdf-schema#label>	"Increased urinary 8-oxo-7,8-dihydroguanosine level"	"\"Increased urinary 8-oxo-7,8-dihydroguanosine level\""	"\"尿8-氧-7,8-二氢鸟苷水平升高\""@zh	"OFFICIAL"
<http://purl.obolibrary.org/obo/HP_0002143>	<http://www.w3.org/2000/01/rdf-schema#label>	"Abnormal spinal cord morphology"	"Abnormality of the spinal cord"	"脊髓异常"@zh	"OFFICIAL"
<http://purl.obolibrary.org/obo/HP_0000067>	<http://www.w3.org/2000/01/rdf-schema#label>	"Urethral atresia, female"	"\"Urethral atresia, female\""	"女性尿道闭锁"@zh	"OFFICIAL"
<http://purl.obolibrary.org/obo/HP_0010571>	<http://www.w3.org/2000/01/rdf-schema#label>	"Elevated circulating phytanic acid concentration"	"Elevated levels of phytanic acid"	"植烷酸水平升高"@zh	"OFFICIAL"
<http://purl.obolibrary.org/obo/HP_0002686>	<http://www.w3.org/2000/01/rdf-schema#label>	"Pregnancy history"	"Prenatal maternal abnormality"	"产前母体异常"@zh	"OFFICIAL"
<http://purl.obolibrary.org/obo/HP_0020177>	<http://www.w3.org/2000/01/rdf-schema#label>	"Abnormal proportion of CD8-positive, alpha-beta TEMRA T cells"	"\"Abnormal proportion of CD8-positive, alpha-beta TEMRA T cells\""	"CD8阳性的终末效应性α-β T细胞比例异常"@zh	"OFFICIAL"
<http://purl.obolibrary.org/obo/HP_4000076>	<http://www.w3.org/2000/01/rdf-schema#label>	"Use of another person's body to communicate"	"Hand-leading gestures"	"手的引导姿势"@zh	"OFFICIAL"
<http://purl.obolibrary.org/obo/HP_0005356>	<http://www.w3.org/2000/01/rdf-schema#label>	"Decreased circulating complement factor I concentration"	"Decreased serum complement factor I"	"血清补体因子I减少"@zh	"OFFICIAL"
<http://purl.obolibrary.org/obo/HP_0004434>	<http://www.w3.org/2000/01/rdf-schema#label>	"Decreased circulating complement C8 concentration"	"Decreased serum complement C8"	"血清补体C8降低"@zh	"OFFICIAL"
<http://purl.obolibrary.org/obo/HP_0000436>	<http://www.w3.org/2000/01/rdf-schema#label>	"Abnormal nasal tip morphology"	"Abnormality of the nasal tip"	"鼻尖异常"@zh	"OFFICIAL"
<http://purl.obolibrary.org/obo/HP_4000087>	<http://www.w3.org/2000/01/rdf-schema#label>	"Abnormal communicative facial expressions"	"Abnormal facial expressions"	"面部表情异常"@zh	"OFFICIAL"
<http://purl.obolibrary.org/obo/HP_0009624>	<http://www.w3.org/2000/01/rdf-schema#label>	"Carpometacarpal thumb joint contracture"	"Contractures of the carpometacarpal joint of the thumb"	"拇指腕掌关节挛缩"@zh	"OFFICIAL"
<http://purl.obolibrary.org/obo/HP_0000033>	<http://www.w3.org/2000/01/rdf-schema#label>	"Ambiguous genitalia, male"	"\"Ambiguous genitalia, male\""	"男性外阴性别不明"@zh	"OFFICIAL"
<http://purl.obolibrary.org/obo/HP_0010320>	<http://www.w3.org/2000/01/rdf-schema#label>	"Abnormal third toe morphology"	"Abnormality of the 3rd toe"	"第三趾异常"@zh	"OFFICIAL"
<http://purl.obolibrary.org/obo/HP_0031424>	<http://www.w3.org/2000/01/rdf-schema#label>	"Abnormal circulating beta-C-terminal telopeptide concentration"	"Abnormal circulating beta-C-terminal telopeptide level"	"β-C端交联肽水平异常"@zh	"OFFICIAL"
<http://purl.obolibrary.org/obo/HP_0000061>	<http://www.w3.org/2000/01/rdf-schema#label>	"Ambiguous genitalia, female"	"\"Ambiguous genitalia, female\""	"女性外阴性别不明"@zh	"OFFICIAL"
<http://purl.obolibrary.org/obo/HP_0031434>	<http://www.w3.org/2000/01/rdf-schema#label>	"Abnormal prosody"	"Abnormal speech prosody"	"说话韵律异常"@zh	"OFFICIAL"
<http://purl.obolibrary.org/obo/HP_0012400>	<http://www.w3.org/2000/01/rdf-schema#label>	"Abnormal circulating aldolase concentration"	"Abnormal aldolase level"	"醛缩酶水平异常"@zh	"OFFICIAL"
<http://purl.obolibrary.org/obo/HP_0032638>	<http://www.w3.org/2000/01/rdf-schema#label>	"Elevated urine mevalonic acid level"	"Elevated urine mevalonic acid"	"尿中甲羟戊酸升高"@zh	"OFFICIAL"
<http://purl.obolibrary.org/obo/HP_0030135>	<http://www.w3.org/2000/01/rdf-schema#label>	"Absence of intermediate von Willebrand factor multimers"	"Absence of intermediate von Willibrand factor multimers"	"中间型血管性血友病因子多聚体缺乏"@zh	"OFFICIAL"
<http://purl.obolibrary.org/obo/HP_0008723>	<http://www.w3.org/2000/01/rdf-schema#label>	"Gonadal dysgenesis with female appearance, male"	"\"Gonadal dysgenesis with female appearance, male\""	"男性性腺发育不全，女性外表"@zh	"OFFICIAL"
<http://purl.obolibrary.org/obo/HP_4000083>	<http://www.w3.org/2000/01/rdf-schema#label>	"Reduced interest in peers"	"Absence of interest in peers"	"同伴兴趣缺失"@zh	"OFFICIAL"
<http://purl.obolibrary.org/obo/HP_0500266>	<http://www.w3.org/2000/01/rdf-schema#label>	"Decreased proportion of CD8-positive, alpha-beta TEMRA T cells"@en	"\"Decreased proportion of CD8-positive, alpha-beta TEMRA T cells\""	"CD8阳性的终末效应性α-β T细胞比例减低"@zh	"OFFICIAL"
<http://purl.obolibrary.org/obo/HP_0410068>	<http://www.w3.org/2000/01/rdf-schema#label>	"obsolete Increased level of L-glutamic acid in blood"	"Increased level of L-glutamic acid in blood"	"血液L-谷氨酸水平增高"@zh	"OFFICIAL"
<http://purl.obolibrary.org/obo/HP_0004361>	<http://www.w3.org/2000/01/rdf-schema#label>	"Abnormal circulating leptin concentration"	"Abnormality of circulating leptin level"	"血瘦素水平异常"@zh	"OFFICIAL"
<http://purl.obolibrary.org/obo/HP_0200141>	<http://www.w3.org/2000/01/rdf-schema#label>	"Small, conical teeth"	"\"Small, conical teeth\""	"锥形小齿"@zh	"OFFICIAL"
<http://purl.obolibrary.org/obo/HP_0006751>	<http://www.w3.org/2000/01/rdf-schema#label>	"Paraspinal neurofibroma"	"Paraspinal neurofibromas"	"椎旁神经纤维瘤"@zh	"OFFICIAL"
<http://purl.obolibrary.org/obo/HP_0031436>	<http://www.w3.org/2000/01/rdf-schema#label>	"Singsong Intonation"	"Increased pitch variability of speech"	"语调变化过频"@zh	"OFFICIAL"
<http://purl.obolibrary.org/obo/HP_0006172>	<http://www.w3.org/2000/01/rdf-schema#label>	"Flattened, squared-off epiphyses of tubular bones"	"\"Flattened, squared-off epiphyses of tubular bones\""	"扁平、方形的管状骨骨骺"@zh	"OFFICIAL"
<http://purl.obolibrary.org/obo/HP_0009626>	<http://www.w3.org/2000/01/rdf-schema#label>	"Interphalangeal thumb joint contracture"	"Contractures of the interphalangeal joint of the thumb"	"拇指指间关节挛缩"@zh	"OFFICIAL"
<http://purl.obolibrary.org/obo/HP_0030334>	<http://www.w3.org/2000/01/rdf-schema#label>	"Abnormal CD4-positive, CD25-positive, alpha-beta regulatory T cell morphology"	"\"Abnormal CD4-positive, CD25-positive, alpha-beta regulatory T cell morphology\""	"CD4 阳性、 CD25 阳性、α-β调节性 T 细胞形态异常"@zh	"OFFICIAL"
<http://purl.obolibrary.org/obo/HP_0020184>	<http://www.w3.org/2000/01/rdf-schema#label>	"Decreased circulating A-type natriuretic peptide concentration"	"Decreased circulating A-type natriuretic peptide level"	"血液A型尿利钠肽水平降低"@zh	"OFFICIAL"
<http://purl.obolibrary.org/obo/HP_0032304>	<http://www.w3.org/2000/01/rdf-schema#label>	"Abnormal circulating mannose-binding protein concentration"	"Abnormal mannose-binding protein level"	"甘露糖结合蛋白水平异常"@zh	"OFFICIAL"
<http://purl.obolibrary.org/obo/HP_0020182>	<http://www.w3.org/2000/01/rdf-schema#label>	"Abnormal circulating A-type atrial natriuretic peptide concentration"	"Abnormal A-type atrial natriuretic peptide level"	"A型心钠素水平异常"@zh	"OFFICIAL"
<http://purl.obolibrary.org/obo/HP_0025112>	<http://www.w3.org/2000/01/rdf-schema#label>	"Auditory sensitivity"	"Sound sensitivity"	"声敏感"@zh	"OFFICIAL"
<http://purl.obolibrary.org/obo/HP_4000088>	<http://www.w3.org/2000/01/rdf-schema#label>	"Facial expressions that do not match the context"	"Context-inappropriate facial expressions"	"与语境不符的面部表情"@zh	"OFFICIAL"
<http://purl.obolibrary.org/obo/HP_0006143>	<http://www.w3.org/2000/01/rdf-schema#label>	"Abnormal finger flexion crease"	"Abnormal finger flexion creases"	"手指屈曲褶痕异常"@zh	"OFFICIAL"
<http://purl.obolibrary.org/obo/HP_0005063>	<http://www.w3.org/2000/01/rdf-schema#label>	"Fragmented, irregular epiphyses"	"\"Fragmented, irregular epiphyses\""	"不规则、碎裂的骨骺"@zh	"OFFICIAL"
<http://purl.obolibrary.org/obo/HP_0030794>	<http://www.w3.org/2000/01/rdf-schema#label>	"Abnormal circulating C-peptide concentration"	"Abnormal C-peptide level"	"C-肽水平异常"@zh	"OFFICIAL"
<http://purl.obolibrary.org/obo/HP_0025457>	<http://www.w3.org/2000/01/rdf-schema#label>	"Decreased CSF protein concentration"@en	"Decreased CSF protein"	"脑脊液蛋白下降"@zh	"OFFICIAL"
<http://purl.obolibrary.org/obo/HP_0034296>	<http://www.w3.org/2000/01/rdf-schema#label>	"Elevated urine 3,5,6-trichloro-2-pyridinol level"	"\"Elevated urine 3,5,6-trichloro-2-pyridinol level\""	"\"3,5,6-三氯-2-吡啶醇水平升高\""@zh	"OFFICIAL"
<http://purl.obolibrary.org/obo/HP_0032650>	<http://www.w3.org/2000/01/rdf-schema#label>	"Elevated CSF glial fibrillary acidic protein concentration"	"Elevated CSF glial fibrillary acidic protein level"	"脑脊液神经胶质纤维酸性蛋白水平升高"@zh	"OFFICIAL"
<http://purl.obolibrary.org/obo/HP_0002187>	<http://www.w3.org/2000/01/rdf-schema#label>	"Intellectual disability, profound"	"\"Intellectual disability, profound\""	"极重度智力障碍"@zh	"OFFICIAL"
<http://purl.obolibrary.org/obo/HP_0012655>	<http://www.w3.org/2000/01/rdf-schema#label>	"Elevated CSF dopamine concentration"	"Elevated CSF dopamine level"	"脑脊液多巴胺水平增加"@zh	"OFFICIAL"
<http://purl.obolibrary.org/obo/HP_0006962>	<http://www.w3.org/2000/01/rdf-schema#label>	"Gait instability, worse in the dark"	"\"Gait instability, worse in the dark\""	"步态不稳，黑暗时更差"@zh	"OFFICIAL"
<http://purl.obolibrary.org/obo/HP_4000089>	<http://www.w3.org/2000/01/rdf-schema#label>	"Abnormal quality of facial expression"	"Atypical facial expressions"	"不典型的面部表情"@zh	"OFFICIAL"
<http://purl.obolibrary.org/obo/HP_0007525>	<http://www.w3.org/2000/01/rdf-schema#label>	"Yellow subcutaneous tissue covered by thin, scaly skin"	"\"Yellow subcutaneous tissue covered by thin, scaly skin\""	"由薄层鳞状皮肤覆盖的黄色皮下组织"@zh	"OFFICIAL"
<http://purl.obolibrary.org/obo/HP_0010864>	<http://www.w3.org/2000/01/rdf-schema#label>	"Intellectual disability, severe"	"\"Intellectual disability, severe\""	"重度智力障碍"@zh	"OFFICIAL"
<http://purl.obolibrary.org/obo/HP_0410385>	<http://www.w3.org/2000/01/rdf-schema#label>	"Decreased proportion of CD8-positive, alpha-beta memory T cells"	"\"Decreased proportion of CD8-positive, alpha-beta memory T cells\""	"CD8+的记忆性α-β T细胞比例减低"@zh	"OFFICIAL"
<http://purl.obolibrary.org/obo/HP_0031102>	<http://www.w3.org/2000/01/rdf-schema#label>	"Increased circulating antimullerian hormone concentration"	"Increased antimullerian hormone level"	"抗苗勒氏管激素水平升高"@zh	"OFFICIAL"
<http://purl.obolibrary.org/obo/HP_0002922>	<http://www.w3.org/2000/01/rdf-schema#label>	"Increased CSF protein concentration"	"Increased CSF protein"	"脑脊液蛋白升高"@zh	"OFFICIAL"
<http://purl.obolibrary.org/obo/HP_0030335>	<http://www.w3.org/2000/01/rdf-schema#label>	"Abnormal CD4-positive, CD25-positive, alpha-beta regulatory T cell count"	"\"Abnormal CD4-positive, CD25-positive, alpha-beta regulatory T cell count\""	"CD4 阳性、 CD25 阳性、α-β调节性 T 细胞计数异常"@zh	"OFFICIAL"
<http://purl.obolibrary.org/obo/HP_0003657>	<http://www.w3.org/2000/01/rdf-schema#label>	"Vascular granular osmiophilic material deposition"	"Granular osmiophilic deposits (GROD) in cells"	"胞内嗜锇颗粒沉积"@zh	"OFFICIAL"
<http://purl.obolibrary.org/obo/HP_0410176>	<http://www.w3.org/2000/01/rdf-schema#label>	"Abnormal circulating glucose-6-phosphate dehydrogenase concentration"	"Abnormal glucose-6-phosphate dehydrogenase level"	"6-磷酸葡萄糖脱氢酶异常"@zh	"OFFICIAL"
<http://purl.obolibrary.org/obo/HP_0000587>	<http://www.w3.org/2000/01/rdf-schema#label>	"Abnormal optic nerve morphology"	"Abnormality of the optic nerve"	"视神经异常"@zh	"OFFICIAL"
<http://purl.obolibrary.org/obo/HP_0410325>	<http://www.w3.org/2000/01/rdf-schema#label>	"obsolete House dust mite allergy"	"House dust mite allergy"	"屋内尘螨过敏"@zh	"OFFICIAL"
<http://purl.obolibrary.org/obo/HP_0007617>	<http://www.w3.org/2000/01/rdf-schema#label>	"Fine, reticulate skin pigmentation"	"\"Fine, reticulate skin pigmentation\""	"细网状色素沉着"@zh	"OFFICIAL"
<http://purl.obolibrary.org/obo/HP_0030130>	<http://www.w3.org/2000/01/rdf-schema#label>	"Impaired von Willebrand factor collagen binding activity"	"Impaired von Willibrand factor collagen binding activity"	"血管性血友病因子胶原结合活性降低"@zh	"OFFICIAL"
<http://purl.obolibrary.org/obo/HP_0045010>	<http://www.w3.org/2000/01/rdf-schema#label>	"Abnormal peripheral nerve morphology by anatomical site"	"Abnormality of peripheral nerves"	"周围神经异常"@zh	"OFFICIAL"
<http://purl.obolibrary.org/obo/HP_0033455>	<http://www.w3.org/2000/01/rdf-schema#label>	"obsolete Elevated urinary dicarboxylic acid level"	"Elevated urinary dicarboxylic acid level"	"尿二羧酸水平升高"@zh	"OFFICIAL"
<http://purl.obolibrary.org/obo/HP_0031401>	<http://www.w3.org/2000/01/rdf-schema#label>	"Reduced proportion of CD4-negative, CD8-negative, alpha-beta regulatory T cells"	"\"Reduced proportion of CD4-negative, CD8-negative, alpha-beta regulatory T cells\""	"CD4阴性和CD8阴性的α-β调节性T细胞比例降低"@zh	"OFFICIAL"
<http://purl.obolibrary.org/obo/HP_0410391>	<http://www.w3.org/2000/01/rdf-schema#label>	"Increased proportion of CD4-positive, alpha-beta memory T cells"	"\"Increased proportion of CD4-positive, alpha-beta memory T cells\""	"CD4+、α-β记忆T细胞比例增高"@zh	"OFFICIAL"
<http://purl.obolibrary.org/obo/HP_0020183>	<http://www.w3.org/2000/01/rdf-schema#label>	"Increased circulating A-type natriuretic peptide concentration"	"Increased circulating A-type natriuretic peptide level"	"血液A型尿利钠肽水平升高"@zh	"OFFICIAL"
<http://purl.obolibrary.org/obo/HP_0002342>	<http://www.w3.org/2000/01/rdf-schema#label>	"Intellectual disability, moderate"	"\"Intellectual disability, moderate\""	"中度智力障碍"@zh	"OFFICIAL"
<http://purl.obolibrary.org/obo/HP_0033503>	<http://www.w3.org/2000/01/rdf-schema#label>	"Elevated CSF fumarate concentration"	"Elevated CSF fumarate"	"脑脊液中富马酸盐浓度增加"@zh	"OFFICIAL"
<http://purl.obolibrary.org/obo/HP_0032305>	<http://www.w3.org/2000/01/rdf-schema#label>	"Decreased circulating mannose-binding protein concentration"	"Decreased mannose-binding protein level"	"甘露糖结合蛋白水平降低"@zh	"OFFICIAL"
<http://purl.obolibrary.org/obo/HP_0007581>	<http://www.w3.org/2000/01/rdf-schema#label>	"Mediosternal, longitudinal streak of hypopigmentation"	"\"Mediosternal, longitudinal streak of hypopigmentation\""	"胸骨中部纵向分布的线状色素减退斑"@zh	"OFFICIAL"
<http://purl.obolibrary.org/obo/HP_0410016>	<http://www.w3.org/2000/01/rdf-schema#label>	"Abnormal cranial ganglion morphology"	"Abnormality of cranial ganglion"	"脑神经节异常"@zh	"OFFICIAL"
<http://purl.obolibrary.org/obo/HP_0005593>	<http://www.w3.org/2000/01/rdf-schema#label>	"Macular hypopigmented whorls, streaks, and patches"	"\"Macular hypopigmented whorls, streaks, and patches\""	"螺纹状、线状和点状色素减退斑"@zh	"OFFICIAL"
<http://purl.obolibrary.org/obo/HP_0031876>	<http://www.w3.org/2000/01/rdf-schema#label>	"Decreased circulating hepcidin concentration"	"Decreased hepcidin level"	"铁调素水平降低"@zh	"OFFICIAL"
<http://purl.obolibrary.org/obo/HP_0020153>	<http://www.w3.org/2000/01/rdf-schema#label>	"Positive blood 1,3 beta glucan test"	"\"Positive blood 1,3 beta glucan test\""	"血液(1-3)-β-葡聚糖检测阳性"@zh	"OFFICIAL"
<http://purl.obolibrary.org/obo/HP_0410390>	<http://www.w3.org/2000/01/rdf-schema#label>	"Decreased proportion of effector memory CD8-positive, alpha-beta T cells"	"\"Decreased proportion of effector memory CD8-positive, alpha-beta T cells\""	"效应记忆性CD8+的α-β T细胞比例减低"@zh	"OFFICIAL"
<http://purl.obolibrary.org/obo/HP_0005288>	<http://www.w3.org/2000/01/rdf-schema#label>	"Abnormal nostril morphology"	"Abnormality of the nares"	"鼻孔异常"@zh	"OFFICIAL"
<http://purl.obolibrary.org/obo/HP_0032651>	<http://www.w3.org/2000/01/rdf-schema#label>	"Elevated CSF chitinase-3-like protein 1 concentration"	"Elevated CSF chitinase-3-like protein 1 level"	"脑脊液几丁质酶-3样蛋白1水平升高"@zh	"OFFICIAL"
<http://purl.obolibrary.org/obo/HP_0000708>	<http://www.w3.org/2000/01/rdf-schema#label>	"Atypical behavior"	"Behavioral abnormality"	"行为异常"@zh	"OFFICIAL"
<http://purl.obolibrary.org/obo/HP_0012379>	<http://www.w3.org/2000/01/rdf-schema#label>	"Abnormal circulating enzyme concentration or activity"	"Abnormal enzyme/coenzyme activity"	"酶/辅酶活性异常"@zh	"OFFICIAL"
<http://purl.obolibrary.org/obo/HP_4000034>	<http://www.w3.org/2000/01/rdf-schema#label>	"Infection-associated lymphopenia"	"Infection-ssociated lymphopenia"	"感染相关淋巴细胞减少"@zh	"OFFICIAL"
<http://purl.obolibrary.org/obo/HP_0007576>	<http://www.w3.org/2000/01/rdf-schema#label>	"Palmar neurofibroma"	"Palmar neurofibromas"	"手掌神经纤维瘤"@zh	"OFFICIAL"
<http://purl.obolibrary.org/obo/HP_0006977>	<http://www.w3.org/2000/01/rdf-schema#label>	"Deficit in grammar"	"Grammar-specific speech disorder"	"语法性语言障碍"@zh	"OFFICIAL"
<http://purl.obolibrary.org/obo/HP_0030355>	<http://www.w3.org/2000/01/rdf-schema#label>	"Abnormal circulating interferon-gamma concentration"	"Abnormal serum interferon-gamma level"	"血清干扰素-γ水平异常"@zh	"OFFICIAL"
<http://purl.obolibrary.org/obo/HP_0410392>	<http://www.w3.org/2000/01/rdf-schema#label>	"Increased proportion of CD8-positive, alpha-beta memory T cells"	"\"Increased proportion of CD8-positive, alpha-beta memory T cells\""	"CD8 阳性的记忆 性α-βT 细胞比例增高"@zh	"OFFICIAL"
<http://purl.obolibrary.org/obo/HP_0000419>	<http://www.w3.org/2000/01/rdf-schema#label>	"Abnormal nasal septum morphology"	"Abnormality of the nasal septum"	"鼻中隔异常"@zh	"OFFICIAL"
<http://purl.obolibrary.org/obo/HP_0410014>	<http://www.w3.org/2000/01/rdf-schema#label>	"Abnormal ganglion morphology"	"Abnormality of ganglion"	"神经节异常"@zh	"OFFICIAL"
<http://purl.obolibrary.org/obo/HP_0001256>	<http://www.w3.org/2000/01/rdf-schema#label>	"Intellectual disability, mild"	"\"Intellectual disability, mild\""	"轻度智力障碍"@zh	"OFFICIAL"
<http://purl.obolibrary.org/obo/HP_0009625>	<http://www.w3.org/2000/01/rdf-schema#label>	"Metacarpophalangeal thumb joint contracture"	"Contractures of the metacarpophalangeal joint of the thumb"	"拇指掌指关节挛缩"@zh	"OFFICIAL"
<http://purl.obolibrary.org/obo/HP_0033253>	<http://www.w3.org/2000/01/rdf-schema#label>	"Reduced circulating interferon gamma concentration"	"Reduced circulating interferon gamma"	"循环干扰素γ降低"@zh	"OFFICIAL"
<http://purl.obolibrary.org/obo/HP_0033058>	<http://www.w3.org/2000/01/rdf-schema#label>	"Decreased circulating complement C7 concentration"	"Decreased serum complement C7"	"血清补体 C7 减少"@zh	"OFFICIAL"
<http://purl.obolibrary.org/obo/HP_0410389>	<http://www.w3.org/2000/01/rdf-schema#label>	"Decreased proportion of central memory CD8-positive, alpha-beta T cells"	"\"Decreased proportion of central memory CD8-positive, alpha-beta T cells\""	"中央记忆性CD4+，α-β T细胞比例减低"@zh	"OFFICIAL"
<http://purl.obolibrary.org/obo/HP_0031103>	<http://www.w3.org/2000/01/rdf-schema#label>	"Decreased cirrculating antimullerian hormone circulation"	"Decreased antimullerian hormone level"	"抗苗勒氏管激素水平降低"@zh	"OFFICIAL"
<http://purl.obolibrary.org/obo/HP_0030336>	<http://www.w3.org/2000/01/rdf-schema#label>	"Absence of CD4-positive, CD25-positive regulatory T cells"	"\"Absence of CD4-positive, CD25-positive regulatory T cells\""	"CD4 阳性、 CD25阳性 调节性 T 细胞缺乏"@zh	"OFFICIAL"
<http://purl.obolibrary.org/obo/HP_0005421>	<http://www.w3.org/2000/01/rdf-schema#label>	"Decreased circulating complement C3 concentration"	"Decreased serum complement C3"	"血清补体C3减少"@zh	"OFFICIAL"
<http://purl.obolibrary.org/obo/HP_0000817>	<http://www.w3.org/2000/01/rdf-schema#label>	"Reduced eye contact"	"Poor eye contact"	"眼神躲避"@zh	"OFFICIAL"
<http://purl.obolibrary.org/obo/HP_0410146>	<http://www.w3.org/2000/01/rdf-schema#label>	"Elevated circulating biotinidase concentration"	"Increased biotinidase level"	"生物素酶水平升高"@zh	"OFFICIAL"
<http://purl.obolibrary.org/obo/HP_0100623>	<http://www.w3.org/2000/01/rdf-schema#label>	"Abnormal corpus cavernosum morphology"	"Abnormality of corpus cavernosum"	"阴茎海绵体异常"@zh	"OFFICIAL"
<http://purl.obolibrary.org/obo/HP_0002050>	<http://www.w3.org/2000/01/rdf-schema#label>	"Macroorchidism, postpubertal"	"\"Macroorchidism, postpubertal\""	"青春期后大睾丸"@zh	"OFFICIAL"
<http://purl.obolibrary.org/obo/HP_0002705>	<http://www.w3.org/2000/01/rdf-schema#label>	"High, narrow palate"	"\"High, narrow palate\""	"腭高而窄"@zh	"OFFICIAL"
<http://purl.obolibrary.org/obo/HP_0000368>	<http://www.w3.org/2000/01/rdf-schema#label>	"Low-set, posteriorly rotated ears"	"\"Low-set, posteriorly rotated ears\""	"低位后旋转耳"@zh	"OFFICIAL"
<http://purl.obolibrary.org/obo/HP_0006919>	<http://www.w3.org/2000/01/rdf-schema#label>	"Abnormal aggressive, impulsive or violent behavior"	"\"Abnormal aggressive, impulsive or violent behavior\""	"异常的攻击、冲动或暴力行为"@zh	"OFFICIAL"
<http://purl.obolibrary.org/obo/HP_0045056>	<http://www.w3.org/2000/01/rdf-schema#label>	"Abnormal circulating alpha-fetoprotein concentration"	"Abnormal levels of alpha-fetoprotein"	"甲胎蛋白水平异常"@zh	"OFFICIAL"
<http://purl.obolibrary.org/obo/HP_0032306>	<http://www.w3.org/2000/01/rdf-schema#label>	"Increased circulating mannose-binding protein concentration"	"Increased mannose-binding protein level"	"甘露糖结合蛋白水平升高"@zh	"OFFICIAL"
<http://purl.obolibrary.org/obo/HP_0002921>	<http://www.w3.org/2000/01/rdf-schema#label>	"Abnormal cerebrospinal fluid morphology"	"Abnormality of the cerebrospinal fluid"	"脑脊液异常"@zh	"OFFICIAL"
<http://purl.obolibrary.org/obo/HP_0033057>	<http://www.w3.org/2000/01/rdf-schema#label>	"Decreased circulating terminal complement component concentration"	"Decreased serum terminal complement component"	"血清终末补体成分减少"@zh	"OFFICIAL"
<http://purl.obolibrary.org/obo/HP_0004529>	<http://www.w3.org/2000/01/rdf-schema#label>	"Atrophic, patchy alopecia"	"\"Atrophic, patchy alopecia\""	"萎缩性斑片状脱发"@zh	"OFFICIAL"
<http://purl.obolibrary.org/obo/HP_0009929>	<http://www.w3.org/2000/01/rdf-schema#label>	"Abnormal columella morphology"	"Abnormality of the columella"	"鼻小柱异常"@zh	"OFFICIAL"
<http://purl.obolibrary.org/obo/HP_0031877>	<http://www.w3.org/2000/01/rdf-schema#label>	"Elevated circulating hepcidin concentration"	"Elevated hepcidin level"	"铁调素水平升高"@zh	"OFFICIAL"
<http://purl.obolibrary.org/obo/HP_0031799>	<http://www.w3.org/2000/01/rdf-schema#label>	"Decreased circulating apolipoprotein A-I concentration"	"Decreased circulating apolipoprotein AI concentration"	"载脂蛋白AI水平降低"@zh	"OFFICIAL"
<http://purl.obolibrary.org/obo/HP_0008250>	<http://www.w3.org/2000/01/rdf-schema#label>	"obsolete Infantile hypercalcemia"	"Infantile hypercalcemia"	"婴儿高钙血症"@zh	"OFFICIAL"
<http://purl.obolibrary.org/obo/HP_0032652>	<http://www.w3.org/2000/01/rdf-schema#label>	"Elevated CSF chitotriosidase 1 concentration"	"Elevated CSF chitotriosidase 1 level"	"脑脊液壳三糖苷酶1水平升高"@zh	"OFFICIAL"
<http://purl.obolibrary.org/obo/HP_0030337>	<http://www.w3.org/2000/01/rdf-schema#label>	"Elevated CD4-positive, CD25-positive regulatory T cell count"	"\"Elevated CD4-positive, CD25-positive regulatory T cell count\""	"CD4 阳性、阳性 CD25 调节性 T 细胞计数增多"@zh	"OFFICIAL"
<http://purl.obolibrary.org/obo/HP_0006499>	<http://www.w3.org/2000/01/rdf-schema#label>	"Abnormal femoral epiphysis morphology"	"Abnormality of femoral epiphysis"	"股骨骨骺异常"@zh	"OFFICIAL"
<http://purl.obolibrary.org/obo/HP_0011266>	<http://www.w3.org/2000/01/rdf-schema#label>	"Microtia, first degree"	"\"Microtia, first degree\""	"小耳畸形，1级"@zh	"OFFICIAL"
<http://purl.obolibrary.org/obo/HP_0410015>	<http://www.w3.org/2000/01/rdf-schema#label>	"Abnormal peripheral nervous system ganglion morphology"	"Abnormality of ganglion of peripheral nervous system"	"周围神经系统中的神经节异常"@zh	"OFFICIAL"
<http://purl.obolibrary.org/obo/HP_0008075>	<http://www.w3.org/2000/01/rdf-schema#label>	"obsolete Progressive pes cavus"	"Progressive pes cavus"	"渐进性高足弓"@zh	"OFFICIAL"
<http://purl.obolibrary.org/obo/HP_0410144>	<http://www.w3.org/2000/01/rdf-schema#label>	"Abnormal circulating biotinidase concentration"	"Abnormal biotinidase level"	"生物素酶水平异常"@zh	"OFFICIAL"
<http://purl.obolibrary.org/obo/HP_0002851>	<http://www.w3.org/2000/01/rdf-schema#label>	"Elevated proportion of CD4-negative, CD8-negative, alpha-beta regulatory T cells"	"\"Elevated proportion of CD4-negative, CD8-negative, alpha-beta regulatory T cells\""	"CD4和CD8双阴性的α-β 调节性 T 细胞比例增高"@zh	"OFFICIAL"
<http://purl.obolibrary.org/obo/HP_0030356>	<http://www.w3.org/2000/01/rdf-schema#label>	"Increased circulating interferon-gamma concentration"	"Increased serum interferon-gamma level"	"血清干扰素-γ水平增加"@zh	"OFFICIAL"
<http://purl.obolibrary.org/obo/HP_0410393>	<http://www.w3.org/2000/01/rdf-schema#label>	"Increased proportion of central memory CD4-positive, alpha-beta T cells"	"\"Increased proportion of central memory CD4-positive, alpha-beta T cells\""	"中央记忆性CD4+，α-β T细胞比例增高"@zh	"OFFICIAL"
<http://purl.obolibrary.org/obo/HP_0003683>	<http://www.w3.org/2000/01/rdf-schema#label>	"obsolete Large beaked nose"	"Large beaked nose"	"大喙鼻"@zh	"OFFICIAL"
<http://purl.obolibrary.org/obo/HP_0025456>	<http://www.w3.org/2000/01/rdf-schema#label>	"Abnormal CSF protein concentration"@en	"Abnormal CSF protein level"	"脑脊液蛋白水平异常"@zh	"OFFICIAL"
<http://purl.obolibrary.org/obo/HP_0030354>	<http://www.w3.org/2000/01/rdf-schema#label>	"Abnormal circulating interferon concentration"	"Abnormal serum interferon level"	"血清干扰素水平异常"@zh	"OFFICIAL"
<http://purl.obolibrary.org/obo/HP_0033059>	<http://www.w3.org/2000/01/rdf-schema#label>	"Decreased circulating complement C6 concentration"	"Decreased serum complement C6"	"血清补体 C6 减少"@zh	"OFFICIAL"
<http://purl.obolibrary.org/obo/HP_0410395>	<http://www.w3.org/2000/01/rdf-schema#label>	"Increased proportion of effector memory CD8-positive, alpha-beta T cells"	"\"Increased proportion of effector memory CD8-positive, alpha-beta T cells\""	"效应记忆性CD8+的α-β T细胞比例增高"@zh	"OFFICIAL"
<http://purl.obolibrary.org/obo/HP_0002693>	<http://www.w3.org/2000/01/rdf-schema#label>	"Abnormal skull base morphology"	"Abnormality of the skull base"	"颅底异常"@zh	"OFFICIAL"
<http://purl.obolibrary.org/obo/HP_0009600>	<http://www.w3.org/2000/01/rdf-schema#label>	"Contracture of thumb"	"Flexion contracture of thumb"	"拇指屈曲挛缩"@zh	"OFFICIAL"
<http://purl.obolibrary.org/obo/HP_0008376>	<http://www.w3.org/2000/01/rdf-schema#label>	"Nasal, dysarthic speech"	"\"Nasal, dysarthic speech\""	"鼻，构音障碍"@zh	"OFFICIAL"
<http://purl.obolibrary.org/obo/HP_0031945>	<http://www.w3.org/2000/01/rdf-schema#label>	"Elevated circulating N,N-dimethylglycine concentration"	"\"Elevated circulating N,N-dimethylglycine concentration\""	"\"N,N-二甲基甘氨酸水平升高\""@zh	"OFFICIAL"
<http://purl.obolibrary.org/obo/HP_0006254>	<http://www.w3.org/2000/01/rdf-schema#label>	"Elevated circulating alpha-fetoprotein concentration"	"Elevated alpha-fetoprotein"	"α-甲胎蛋白升高"@zh	"OFFICIAL"
<http://purl.obolibrary.org/obo/HP_0000722>	<http://www.w3.org/2000/01/rdf-schema#label>	"Compulsive behaviors"	"Obsessive-compulsive behavior"	"强迫行为"@zh	"OFFICIAL"
<http://purl.obolibrary.org/obo/HP_0030132>	<http://www.w3.org/2000/01/rdf-schema#label>	"Absence of large von Willebrand factor multimers"	"Absence of large von Willibrand factor multimers"	"大型血管性血友病因子多聚体缺失"@zh	"OFFICIAL"
<http://purl.obolibrary.org/obo/HP_0410380>	<http://www.w3.org/2000/01/rdf-schema#label>	"Abnormal proportion of CD8-positive, alpha-beta memory T cells"	"\"Abnormal proportion of CD8-positive, alpha-beta memory T cells\""	"CD8+的记忆性α-β T细胞比例异常"@zh	"OFFICIAL"
<http://purl.obolibrary.org/obo/HP_0000429>	<http://www.w3.org/2000/01/rdf-schema#label>	"Abnormal morphology of the nasal alae"	"Abnormality of the nasal alae"	"鼻翼异常"@zh	"OFFICIAL"
<http://purl.obolibrary.org/obo/HP_0031425>	<http://www.w3.org/2000/01/rdf-schema#label>	"Increased circulating beta-C-terminal telopeptide concentration"	"Increased circulating beta-C-terminal telopeptide level"	"β-C端肽水平增高"@zh	"OFFICIAL"
<http://purl.obolibrary.org/obo/HP_0008730>	<http://www.w3.org/2000/01/rdf-schema#label>	"Female external genitalia in individual with 46,XY karyotype"	"\"Female external genitalia in individual with 46,XY karyotype\""	"\"染色体核型为46,XY的个体具有女性外生殖器\""@zh	"OFFICIAL"
<http://purl.obolibrary.org/obo/HP_0002244>	<http://www.w3.org/2000/01/rdf-schema#label>	"Abnormal small intestine morphology"	"Abnormality of the small intestine"	"小肠异常"@zh	"OFFICIAL"
<http://purl.obolibrary.org/obo/HP_0034279>	<http://www.w3.org/2000/01/rdf-schema#label>	"2,8-dihydroxyadenine crystalluria"	"\"2,8-dihydroxyadenine crystalluria\""	"\"2,8-二羟腺嘌呤结晶尿\""@zh	"OFFICIAL"
<http://purl.obolibrary.org/obo/HP_0011119>	<http://www.w3.org/2000/01/rdf-schema#label>	"Abnormal nasal dorsum morphology"	"Abnormality of the nasal dorsum"	"鼻嵴异常"@zh	"OFFICIAL"
<http://purl.obolibrary.org/obo/HP_0008823>	<http://www.w3.org/2000/01/rdf-schema#label>	"Inferior pubic ramus hypoplasia"	"Hypoplastic inferior pubic rami"	"下耻骨支发育不良"@zh	"OFFICIAL"
<http://purl.obolibrary.org/obo/HP_0032119>	<http://www.w3.org/2000/01/rdf-schema#label>	"obsolete Narrow angle glaucoma"	"Narrow angle glaucoma"	"闭角型青光眼"@zh	"OFFICIAL"
<http://purl.obolibrary.org/obo/HP_0010630>	<http://www.w3.org/2000/01/rdf-schema#label>	"Abnormal metatarsal epiphysis morphology"	"Abnormality of metatarsal epiphysis"	"跖骨骨骺异常"@zh	"OFFICIAL"
<http://purl.obolibrary.org/obo/HP_0410145>	<http://www.w3.org/2000/01/rdf-schema#label>	"Decreased circulating biotinidase concentration"	"Decreased biotinidase level"	"生物素酶水平降低"@zh	"OFFICIAL"
<http://purl.obolibrary.org/obo/HP_0012656>	<http://www.w3.org/2000/01/rdf-schema#label>	"Reduced CSF dopamine concentration"	"Reduced CSF dopamine level"	"脑脊液多巴胺水平降低"@zh	"OFFICIAL"
<http://purl.obolibrary.org/obo/HP_0010674>	<http://www.w3.org/2000/01/rdf-schema#label>	"Abnormal curvature of the vertebral column"	"Abnormality of the curvature of the vertebral column"	"脊柱曲度异常"@zh	"OFFICIAL"
<http://purl.obolibrary.org/obo/HP_0000202>	<http://www.w3.org/2000/01/rdf-schema#label>	"Orofacial cleft"	"Oral cleft"	"口裂"@zh	"OFFICIAL"
<http://purl.obolibrary.org/obo/HP_0001167>	<http://www.w3.org/2000/01/rdf-schema#label>	"Abnormal finger morphology"	"Abnormality of finger"	"手指异常"@zh	"OFFICIAL"
<http://purl.obolibrary.org/obo/HP_0410394>	<http://www.w3.org/2000/01/rdf-schema#label>	"Increased proportion of effector memory CD4-positive, alpha-beta T cells"	"\"Increased proportion of effector memory CD4-positive, alpha-beta T cells\""	"效应记忆性CD4+的α-β T细胞比例增高"@zh	"OFFICIAL"
<http://purl.obolibrary.org/obo/HP_0010322>	<http://www.w3.org/2000/01/rdf-schema#label>	"Abnormal fifth toe morphology"	"Abnormality of the 5th toe"	"第五趾异常"@zh	"OFFICIAL"
<http://purl.obolibrary.org/obo/HP_0033060>	<http://www.w3.org/2000/01/rdf-schema#label>	"Decreased circulating complement C5 concentration"	"Decreased serum complement C5"	"血清补体 C5 减少"@zh	"OFFICIAL"
<http://purl.obolibrary.org/obo/HP_0031138>	<http://www.w3.org/2000/01/rdf-schema#label>	"Abnormal B-type natriuretic peptide concentration"	"Abnormal B-type natriuretic peptide level"	"B型钠尿肽水平异常"@zh	"OFFICIAL"
<http://purl.obolibrary.org/obo/HP_0007398>	<http://www.w3.org/2000/01/rdf-schema#label>	"Asymmetric, linear skin defects"	"\"Asymmetric, linear skin defects\""	"非对称性线性皮损"@zh	"OFFICIAL"
<http://purl.obolibrary.org/obo/HP_0000264>	<http://www.w3.org/2000/01/rdf-schema#label>	"Abnormal mastoid morphology"	"Abnormality of the mastoid"	"乳突异常"@zh	"OFFICIAL"
<http://purl.obolibrary.org/obo/HP_0003831>	<http://www.w3.org/2000/01/rdf-schema#label>	"Typified by age-related disease onset"	"Typified by age-related penetrance"	"具有年龄相关的外显率特征"@zh	"OFFICIAL"
<http://purl.obolibrary.org/obo/HP_0030860>	<http://www.w3.org/2000/01/rdf-schema#label>	"Abnormal CSF amyloid concentration"	"Abnormal CSF amyloid level"	"脑脊液淀粉样蛋白水平异常"@zh	"OFFICIAL"
<http://purl.obolibrary.org/obo/HP_0004540>	<http://www.w3.org/2000/01/rdf-schema#label>	"Congenital, generalized hypertrichosis"	"\"Congenital, generalized hypertrichosis\""	"先天性全身多毛症"@zh	"OFFICIAL"
<http://purl.obolibrary.org/obo/HP_0003028>	<http://www.w3.org/2000/01/rdf-schema#label>	"Abnormality of the ankle"	"Abnormality of the ankles"	"脚踝异常"@zh	"OFFICIAL"
<http://purl.obolibrary.org/obo/HP_0032179>	<http://www.w3.org/2000/01/rdf-schema#label>	"Abnormal circulating globulin concentration"	"Abnormal circulating globulin level"	"血液球蛋白水平异常"@zh	"OFFICIAL"
<http://purl.obolibrary.org/obo/HP_0000177>	<http://www.w3.org/2000/01/rdf-schema#label>	"Abnormal upper lip morphology"	"Abnormality of upper lip"	"上唇异常"@zh	"OFFICIAL"
<http://purl.obolibrary.org/obo/HP_0009593>	<http://www.w3.org/2000/01/rdf-schema#label>	"Peripheral schwannoma"	"Peripheral Schwannoma"	"周围神经鞘瘤"@zh	"OFFICIAL"
<http://purl.obolibrary.org/obo/HP_0031339>	<http://www.w3.org/2000/01/rdf-schema#label>	"Abnormal cardiomyocyte dystrophin staining"	"Abnormal cadiomyocyte dystrophin staining"	"心肌细胞营养不良蛋白着色异常"@zh	"OFFICIAL"
<http://purl.obolibrary.org/obo/HP_0410381>	<http://www.w3.org/2000/01/rdf-schema#label>	"Abnormal proportion of central memory CD4-positive, alpha-beta T cells"	"\"Abnormal proportion of central memory CD4-positive, alpha-beta T cells\""	"中央记忆性CD4+，α-β T细胞比例异常"@zh	"OFFICIAL"
<http://purl.obolibrary.org/obo/HP_4000069>	<http://www.w3.org/2000/01/rdf-schema#label>	"Persistent preoccupation with parts of objects or unusual objects"	"Persistent preoccupation with parts of objects"	"对部分物品持续专注"@zh	"OFFICIAL"
<http://purl.obolibrary.org/obo/HP_0009735>	<http://www.w3.org/2000/01/rdf-schema#label>	"Spinal neurofibroma"	"Spinal neurofibromas"	"脊髓神经纤维瘤"@zh	"OFFICIAL"
<http://purl.obolibrary.org/obo/HP_0031426>	<http://www.w3.org/2000/01/rdf-schema#label>	"Decreased circulating beta-C-terminal telopeptide concentration"	"Decreased circulating beta-C-terminal telopeptide level"	"β-C端肽水平降低"@zh	"OFFICIAL"
<http://purl.obolibrary.org/obo/HP_0410056>	<http://www.w3.org/2000/01/rdf-schema#label>	"Decreased CSF erythritol concentration"	"Decreased level of erythritol in CSF"	"脑脊液赤藓糖醇水平降低"@zh	"OFFICIAL"
<http://purl.obolibrary.org/obo/HP_0410050>	<http://www.w3.org/2000/01/rdf-schema#label>	"Decreased level of 1,5 anhydroglucitol in serum"	"\"Decreased level of 1,5 anhydroglucitol in serum\""	"\"血清1,5脱水葡萄糖醇水平降低\""@zh	"OFFICIAL"
<http://purl.obolibrary.org/obo/HP_0410384>	<http://www.w3.org/2000/01/rdf-schema#label>	"Abnormal proportion of central memory CD8-positive, alpha-beta T cells"	"\"Abnormal proportion of central memory CD8-positive, alpha-beta T cells\""	"中央记忆性CD8+，α-β T细胞比例异常"@zh	"OFFICIAL"
<http://purl.obolibrary.org/obo/HP_0030271>	<http://www.w3.org/2000/01/rdf-schema#label>	"Reduced erythrocyte 2,3-diphosphoglycerate concentration"	"\"Reduced erythrocyte 2,3-diphosphoglycerate concentration\""	"红细胞 2，3-二磷酸甘油酸浓度减低"@zh	"OFFICIAL"
<http://purl.obolibrary.org/obo/HP_0005005>	<http://www.w3.org/2000/01/rdf-schema#label>	"Femoral bowing present at birth, straightening with time"	"\"Femoral bowing present at birth, straightening with time\""	"出生时股骨有弯曲，随年龄增长而变直"@zh	"OFFICIAL"
<http://purl.obolibrary.org/obo/HP_0500159>	<http://www.w3.org/2000/01/rdf-schema#label>	"Increased circulating aspartic acid concentration"	"Increased level of circulating aspartic acid"	"血液天冬氨酸水平升高"@zh	"OFFICIAL"
<http://purl.obolibrary.org/obo/HP_0034379>	<http://www.w3.org/2000/01/rdf-schema#label>	"obsolete Vascular granular osmiophilic material deposition"	"Vascular granular osmiophilic material deposition"	"血管颗粒状嗜锇样物质沉积"@zh	"OFFICIAL"
<http://purl.obolibrary.org/obo/HP_0008830>	<http://www.w3.org/2000/01/rdf-schema#label>	"Hypoplastic pubic ramus"	"Hypoplastic pubic rami"	"耻骨支发育不良"@zh	"OFFICIAL"
<http://purl.obolibrary.org/obo/HP_0004406>	<http://www.w3.org/2000/01/rdf-schema#label>	"Spontaneous, recurrent epistaxis"	"\"Spontaneous, recurrent epistaxis\""	"复发性自发鼻衄"@zh	"OFFICIAL"
<http://purl.obolibrary.org/obo/HP_0031946>	<http://www.w3.org/2000/01/rdf-schema#label>	"Elevated urinary N,N-dimethylglycine level"	"\"Elevated urinary N,N-dimethylglycine level\""	"\"尿N,N-二甲基甘氨酸水平升高\""@zh	"OFFICIAL"
<http://purl.obolibrary.org/obo/HP_0000178>	<http://www.w3.org/2000/01/rdf-schema#label>	"Abnormal lower lip morphology"	"Abnormality of lower lip"	"下唇异常"@zh	"OFFICIAL"
<http://purl.obolibrary.org/obo/HP_0041162>	<http://www.w3.org/2000/01/rdf-schema#label>	"Metatarsal fracture"	"Fractured foot bone"	"脚骨骨折"@zh	"OFFICIAL"
<http://purl.obolibrary.org/obo/HP_0010289>	<http://www.w3.org/2000/01/rdf-schema#label>	"Cleft maxillary alveolar ridge"	"Cleft of alveolar ridge of maxilla"	"上颌牙槽嵴裂"@zh	"OFFICIAL"
<http://purl.obolibrary.org/obo/HP_0032436>	<http://www.w3.org/2000/01/rdf-schema#label>	"Abnormal circulating C-reactive protein concentration"	"Abnormal C-reactive protein level"	"C反应蛋白水平异常"@zh	"OFFICIAL"
<http://purl.obolibrary.org/obo/HP_0030862>	<http://www.w3.org/2000/01/rdf-schema#label>	"Elevated CSF amyloid concentration"	"Elevated CSF amyloid level"	"脑脊液淀粉样蛋白水平升高"@zh	"OFFICIAL"
<http://purl.obolibrary.org/obo/HP_0002872>	<http://www.w3.org/2000/01/rdf-schema#label>	"Apneic episodes precipitated by illness, fatigue, stress"	"\"Apneic episodes precipitated by illness, fatigue, stress\""	"因疾病、疲劳、紧张而导致的呼吸暂停发作"@zh	"OFFICIAL"
<http://purl.obolibrary.org/obo/HP_0033105>	<http://www.w3.org/2000/01/rdf-schema#label>	"Interhypothalamic adhesion"	"Interhypothalamic Adhesion"	"下丘脑间粘连"@zh	"OFFICIAL"
<http://purl.obolibrary.org/obo/HP_0001751>	<http://www.w3.org/2000/01/rdf-schema#label>	"Abnormal vestibular function"	"Vestibular dysfunction"	"前庭功能障碍"@zh	"OFFICIAL"
<http://purl.obolibrary.org/obo/HP_0030027>	<http://www.w3.org/2000/01/rdf-schema#label>	"Abnormal nasal cartilage morphology"	"Abnormality of the nasal cartilage"	"鼻软骨畸形"@zh	"OFFICIAL"
<http://purl.obolibrary.org/obo/HP_0001067>	<http://www.w3.org/2000/01/rdf-schema#label>	"Neurofibroma"	"Neurofibromas"	"神经纤维瘤"@zh	"OFFICIAL"
<http://purl.obolibrary.org/obo/HP_0011267>	<http://www.w3.org/2000/01/rdf-schema#label>	"Microtia, third degree"	"\"Microtia, third degree\""	"小耳畸形，3级"@zh	"OFFICIAL"
<http://purl.obolibrary.org/obo/HP_0010593>	<http://www.w3.org/2000/01/rdf-schema#label>	"Abnormal fibular epiphysis morphology"	"Abnormality of fibular epiphyses"	"腓骨骨骺异常"@zh	"OFFICIAL"
<http://purl.obolibrary.org/obo/HP_0000052>	<http://www.w3.org/2000/01/rdf-schema#label>	"Urethral atresia, male"	"\"Urethral atresia, male\""	"男性尿道闭锁"@zh	"OFFICIAL"
<http://purl.obolibrary.org/obo/HP_0030599>	<http://www.w3.org/2000/01/rdf-schema#label>	"Abnormal Esterman grid perimetry test"	"Abnormal Estermann grid perimetry test"	"Estermann 网格视野检查异常"@zh	"OFFICIAL"
<http://purl.obolibrary.org/obo/HP_0500265>	<http://www.w3.org/2000/01/rdf-schema#label>	"Increased proportion of CD8-positive, alpha-beta TEMRA T cells"@en	"\"Increased proportion of CD8-positive, alpha-beta TEMRA T cells\""	"CD8阳性的终末效应性α-β T细胞比例增高"@zh	"OFFICIAL"
<http://purl.obolibrary.org/obo/HP_0032273>	<http://www.w3.org/2000/01/rdf-schema#label>	"Increased circulating N-acetylaspartic acid concentration"	"Increased circulating N-Acetylaspartic acid concentration"	"血N-乙酰基天冬氨酸浓度升高"@zh	"OFFICIAL"
<http://purl.obolibrary.org/obo/HP_0030861>	<http://www.w3.org/2000/01/rdf-schema#label>	"Decreased CSF amyloid concentration"	"Decreased CSF amyloid level"	"脑脊液淀粉样蛋白水平降低"@zh	"OFFICIAL"
<http://purl.obolibrary.org/obo/HP_0034255>	<http://www.w3.org/2000/01/rdf-schema#label>	"Colovesical fistula"	"Colovesicular fistula"	"结肠膀胱瘘"@zh	"OFFICIAL"
<http://purl.obolibrary.org/obo/HP_0006887>	<http://www.w3.org/2000/01/rdf-schema#label>	"Intellectual disability, progressive"	"\"Intellectual disability, progressive\""	"进行性智力障碍"@zh	"OFFICIAL"
